seed,dial,from,to,change,changed_share,brightness,contrast,clear,opaque,chroma,hue,hue_spread,detail,bright_share,seconds
1,(default),,,0,0,0.26297,0.13923,0.74524,0.066264,0.015059,107.59,0.05574,0.0039677,0.43411,3.395
1,fold-scale,1.6,0.4,7.7797,0.49348,0.26532,0.14048,0.74737,0.065931,0.015389,108.14,0.054361,0.0039506,0.41937,2.441
1,fold-scale,1.6,0.8,9.5479,0.52308,0.27651,0.15133,0.75317,0.060264,0.015629,109.1,0.055054,0.0040027,0.44008,2.445
1,fold-scale,1.6,3.2,8.0455,0.50559,0.26751,0.14135,0.74798,0.065646,0.015252,108.27,0.059656,0.0040204,0.4312,2.535
1,fold-scale,1.6,6.4,8.5595,0.49959,0.27042,0.14547,0.73277,0.066354,0.015412,107.81,0.052959,0.0042428,0.4387,3.017
1,outer-sharpness,6,1.5,0.55968,0.084822,0.26314,0.13919,0.72532,0.085253,0.015147,107.4,0.056122,0.0039283,0.43469,2.574
1,outer-sharpness,6,3,0.25739,0.036807,0.26306,0.13919,0.73619,0.075272,0.0151,107.48,0.05585,0.0039504,0.43432,2.492
1,outer-sharpness,6,12,0.20145,0.027336,0.26286,0.13926,0.75303,0.059707,0.015024,107.67,0.055592,0.0039802,0.43401,2.336
1,outer-sharpness,6,24,0.35086,0.05553,0.26276,0.13927,0.75896,0.055141,0.014995,107.73,0.055423,0.00399,0.43396,2.299
1,detail-scale,5,1.25,7.9904,0.52576,0.26542,0.14329,0.7422,0.067777,0.015037,107.63,0.04943,0.0036375,0.44575,2.495
1,detail-scale,5,2.5,6.592,0.47292,0.25972,0.1399,0.75009,0.070419,0.014852,106.66,0.052275,0.0037416,0.4474,2.435
1,detail-scale,5,10,6.5746,0.49054,0.26525,0.14062,0.74041,0.068977,0.015208,107.69,0.053229,0.0043593,0.43809,2.358
1,detail-scale,5,20,6.5084,0.50536,0.2704,0.14153,0.73809,0.065243,0.015454,108.57,0.052596,0.0047524,0.4348,2.342
1,detail-gain,0.55,0.2,2.6664,0.31674,0.26943,0.14189,0.72121,0.06869,0.015405,108.56,0.057481,0.0037553,0.43431,2.432
1,detail-gain,0.55,0.375,1.45,0.21867,0.26648,0.1407,0.73299,0.067706,0.015249,108.14,0.056919,0.0038332,0.43405,2.404
1,detail-gain,0.55,0.725,1.5711,0.24309,0.25884,0.13769,0.76001,0.065092,0.01485,106.89,0.053399,0.0041284,0.43491,2.420
1,detail-gain,0.55,0.9,3.0875,0.35233,0.25403,0.13631,0.7758,0.064573,0.014621,106.05,0.050933,0.0041989,0.43626,2.416
1,erosion,0.65,0,8.5248,0.65911,0.29854,0.14465,0.61467,0.070931,0.017063,112.26,0.055885,0.0032557,0.41639,2.410
1,erosion,0.65,0.25,1.7541,0.24424,0.26926,0.14152,0.70661,0.068474,0.015482,108.21,0.054721,0.0037671,0.43357,2.435
1,erosion,0.65,0.5,0.45807,0.07546,0.26453,0.13983,0.73572,0.066998,0.015168,107.73,0.055471,0.0039136,0.43386,2.444
1,erosion,0.65,0.75,0.23918,0.029882,0.26217,0.13892,0.7502,0.06579,0.015,107.52,0.055834,0.0039967,0.43432,2.434
1,erosion,0.65,1,1.0376,0.1333,0.26115,0.13897,0.76484,0.056065,0.0148,108.12,0.054159,0.0040923,0.43538,2.402
1,filament,0.5,0,4.188,0.39638,0.27218,0.14173,0.70703,0.074388,0.015653,108.85,0.056405,0.0038607,0.4293,2.423
1,filament,0.5,0.25,2.4176,0.29261,0.26704,0.14036,0.72698,0.07071,0.015338,108.14,0.056529,0.0038797,0.43127,2.436
1,filament,0.5,0.75,2.5409,0.31218,0.26398,0.1393,0.75025,0.062462,0.015051,107.79,0.054337,0.0041037,0.43445,2.402
1,filament,0.5,1,4.5953,0.44436,0.26798,0.13991,0.7401,0.061253,0.01524,108.46,0.053887,0.0041423,0.43205,2.398
1,hardness,0.5,0,3.9189,0.37977,0.24861,0.13565,0.78773,0.066471,0.014359,105.12,0.049977,0.0037649,0.43875,2.407
1,hardness,0.5,0.25,1.7463,0.2588,0.25648,0.13771,0.76455,0.06608,0.014746,106.5,0.053627,0.0038958,0.43667,2.419
1,hardness,0.5,0.75,1.1522,0.19231,0.26726,0.14019,0.73206,0.066536,0.015274,108.27,0.056539,0.0040032,0.43235,2.444
1,hardness,0.5,1,1.913,0.28549,0.27015,0.14083,0.72303,0.066728,0.015422,108.7,0.056852,0.0040171,0.4312,2.399
1,dust-style,lanes,vein,0.84508,0.11798,0.26571,0.14023,0.75433,0.057392,0.014967,109.44,0.053069,0.003924,0.43562,2.404
1,dust-style,lanes,physical,3.377,0.27546,0.25763,0.14111,0.72438,0.10066,0.014242,111.52,0.057872,0.0038922,0.45573,2.334
1,dust-scale,4,1,2.1484,0.1989,0.26654,0.14274,0.77432,0.057329,0.015067,110.18,0.060538,0.0039358,0.44378,2.392
1,dust-scale,4,2,2.4793,0.22055,0.26414,0.14199,0.75576,0.069208,0.015093,107.84,0.055423,0.0039148,0.44403,2.312
1,dust-scale,4,8,2.4115,0.25584,0.26249,0.14039,0.74129,0.075103,0.015107,106.19,0.052687,0.0039782,0.44408,2.553
1,dust-scale,4,16,2.3729,0.27627,0.26181,0.1392,0.72541,0.076495,0.015061,105.2,0.045942,0.0040647,0.44041,2.838
1,mass-fine,1,0,0,0,0.26297,0.13923,0.74524,0.066264,0.015059,107.59,0.05574,0.0039677,0.43411,2.762
1,mass-fine,1,0.75,6.8746e-06,0,0.26297,0.13923,0.74524,0.066264,0.015059,107.59,0.05574,0.0039677,0.43411,2.413
1,mass-fine,1,1.5,6.8746e-06,0,0.26297,0.13923,0.74524,0.066264,0.015059,107.59,0.05574,0.0039677,0.43411,2.432
1,mass-fine,1,2.25,6.8746e-06,0,0.26297,0.13923,0.74524,0.066264,0.015059,107.59,0.05574,0.0039677,0.43411,2.410
1,mass-fine,1,3,6.8746e-06,0,0.26297,0.13923,0.74524,0.066264,0.015059,107.59,0.05574,0.0039677,0.43411,2.419
1,mass-edge,0,0.25,0,0,0.26297,0.13923,0.74524,0.066264,0.015059,107.59,0.05574,0.0039677,0.43411,2.431
1,mass-edge,0,0.5,0,0,0.26297,0.13923,0.74524,0.066264,0.015059,107.59,0.05574,0.0039677,0.43411,2.413
1,mass-edge,0,0.75,0,0,0.26297,0.13923,0.74524,0.066264,0.015059,107.59,0.05574,0.0039677,0.43411,2.384
1,mass-edge,0,1,0,0,0.26297,0.13923,0.74524,0.066264,0.015059,107.59,0.05574,0.0039677,0.43411,2.392
1,mass-edge-patch,0,0.25,0,0,0.26297,0.13923,0.74524,0.066264,0.015059,107.59,0.05574,0.0039677,0.43411,2.429
1,mass-edge-patch,0,0.5,0,0,0.26297,0.13923,0.74524,0.066264,0.015059,107.59,0.05574,0.0039677,0.43411,2.446
1,mass-edge-patch,0,0.75,0,0,0.26297,0.13923,0.74524,0.066264,0.015059,107.59,0.05574,0.0039677,0.43411,2.384
1,mass-edge-patch,0,1,0,0,0.26297,0.13923,0.74524,0.066264,0.015059,107.59,0.05574,0.0039677,0.43411,2.396
1,graze,3,0,0,0,0.26297,0.13923,0.74524,0.066264,0.015059,107.59,0.05574,0.0039677,0.43411,2.442
1,graze,3,1.25,0,0,0.26297,0.13923,0.74524,0.066264,0.015059,107.59,0.05574,0.0039677,0.43411,2.193
1,graze,3,2.5,0,0,0.26297,0.13923,0.74524,0.066264,0.015059,107.59,0.05574,0.0039677,0.43411,2.186
1,graze,3,3.75,0,0,0.26297,0.13923,0.74524,0.066264,0.015059,107.59,0.05574,0.0039677,0.43411,2.155
1,graze,3,5,0,0,0.26297,0.13923,0.74524,0.066264,0.015059,107.59,0.05574,0.0039677,0.43411,2.186
1,distant-count,3,0,0.26303,0.012985,0.26196,0.1388,0.75081,0.061552,0.014968,107.61,0.055664,0.0039427,0.43491,2.221
1,distant-count,3,2,0.014023,0.0012881,0.26291,0.13921,0.74542,0.066012,0.015052,107.6,0.055703,0.0039646,0.43423,2.351
1,distant-count,3,4,0.012947,0.00040612,0.26302,0.13922,0.74499,0.066284,0.01506,107.6,0.055907,0.0039807,0.43404,2.417
1,distant-count,3,5,0.023644,0.0009993,0.26307,0.1392,0.74458,0.066307,0.015061,107.61,0.055954,0.0039913,0.43396,2.498
1,distant-count,3,7,0.05676,0.0029857,0.26314,0.13927,0.74294,0.066626,0.015074,107.62,0.055985,0.004015,0.43377,2.580
1,distant-min-deg,3,0.75,0.098132,0.0079369,0.26282,0.13908,0.74634,0.065748,0.015047,107.6,0.055741,0.0039662,0.43397,2.402
1,distant-min-deg,3,1.5,0.074772,0.0066937,0.26287,0.13912,0.746,0.065918,0.015051,107.6,0.055739,0.0039667,0.43401,2.405
1,distant-min-deg,3,6,0.15793,0.011542,0.26319,0.13948,0.74332,0.067121,0.015077,107.58,0.055741,0.0039692,0.43429,2.439
1,distant-min-deg,3,12,0.41396,0.022158,0.26383,0.14013,0.73835,0.069447,0.01513,107.56,0.055684,0.0039673,0.4346,2.524
1,distant-max-deg,14,3.5,0.26225,0.012846,0.26206,0.13887,0.75021,0.062233,0.014974,107.6,0.055605,0.0039535,0.43496,2.325
1,distant-max-deg,14,7,0.25108,0.01267,0.26225,0.13893,0.74927,0.063162,0.01499,107.6,0.055589,0.0039607,0.43484,2.340
1,distant-max-deg,14,28,0.8089,0.039764,0.26531,0.13993,0.72956,0.076374,0.015263,107.6,0.055305,0.003965,0.43209,2.609
1,distant-max-deg,14,56,1.2272,0.05366,0.26656,0.14226,0.71894,0.078896,0.015378,107.55,0.055133,0.0039438,0.43411,2.645
1,oxygen-threshold,20,5,1.0826,0.19247,0.26763,0.14082,0.74521,0.066264,0.015266,108.36,0.058048,0.0040555,0.4327,2.424
1,oxygen-threshold,20,10,0.58523,0.11204,0.26553,0.13993,0.74522,0.066261,0.015159,108,0.056733,0.0040069,0.43329,2.220
1,oxygen-threshold,20,40,0.66795,0.10669,0.26018,0.13752,0.74524,0.066268,0.014895,107.2,0.055462,0.00396,0.43519,2.195
1,oxygen-threshold,20,80,1.2133,0.14774,0.258,0.13546,0.74524,0.06628,0.014777,107.02,0.055697,0.0039679,0.43193,2.176
1,grade-galaxy,0.2,0,0.46146,0.095571,0.26318,0.13927,0.74524,0.066264,0.015506,101.07,0.070472,0.0039632,0.43411,2.217
1,grade-galaxy,0.2,0.25,0.11608,0,0.26291,0.13921,0.74524,0.066264,0.014993,109.24,0.052764,0.0039686,0.43411,2.204
1,grade-galaxy,0.2,0.5,0.7012,0.19373,0.26267,0.13914,0.74524,0.066264,0.014986,117.52,0.045594,0.0039726,0.43411,2.192
1,grade-galaxy,0.2,0.75,1.2951,0.38429,0.26245,0.13907,0.74524,0.066264,0.015529,125.52,0.052562,0.0039756,0.43412,2.133
1,grade-galaxy,0.2,1,1.8994,0.51715,0.26225,0.13899,0.74524,0.066264,0.016502,132.93,0.066423,0.0039775,0.43412,2.175
1,grade-stars,0.6,0,0.092748,0.025923,0.26299,0.13925,0.74524,0.066264,0.014882,107.12,0.063344,0.0039815,0.43411,2.178
1,grade-stars,0.6,0.25,0.05461,0.014312,0.26298,0.13924,0.74524,0.066264,0.014937,107.32,0.059104,0.0039757,0.43411,2.210
1,grade-stars,0.6,0.5,0.015776,0.0015504,0.26297,0.13923,0.74524,0.066264,0.015019,107.51,0.056403,0.0039699,0.43411,2.199
1,grade-stars,0.6,0.75,0.023912,0.003982,0.26296,0.13922,0.74524,0.066264,0.015125,107.71,0.055096,0.0039643,0.43411,2.174
1,grade-stars,0.6,1,0.064437,0.017274,0.26295,0.13921,0.74524,0.066264,0.015247,107.9,0.054503,0.0039588,0.43411,2.180
1,reflection,0.2,0.05,0.17703,0.015724,0.26221,0.13882,0.74524,0.066268,0.015017,107.52,0.055783,0.0039738,0.43411,2.194
1,reflection,0.2,0.1,0.11772,0.006361,0.26247,0.13895,0.74524,0.066268,0.015031,107.54,0.055765,0.0039717,0.4341,2.184
1,reflection,0.2,0.4,0.23203,0.023777,0.26394,0.13979,0.74525,0.066261,0.015112,107.68,0.055717,0.0039602,0.4342,2.171
1,reflection,0.2,0.8,0.68359,0.12887,0.26582,0.14097,0.74525,0.066257,0.01521,107.85,0.055649,0.0039483,0.43465,2.196
1,reflection,0.2,0,0.23664,0.024566,0.26196,0.13868,0.74524,0.06627,0.015003,107.49,0.055806,0.0039761,0.43412,2.185
1,anisotropy,0.5,-0.9,0.31067,0.033582,0.26309,0.13895,0.74524,0.06627,0.015051,107.72,0.057706,0.0039694,0.434,2.185
1,anisotropy,0.5,-0.45,0.34687,0.042395,0.26424,0.1397,0.74524,0.06626,0.015124,107.77,0.056186,0.0039546,0.43407,2.203
1,anisotropy,0.5,0,0.2811,0.027159,0.26405,0.13968,0.74525,0.066257,0.015122,107.73,0.055895,0.0039579,0.43368,2.178
1,anisotropy,0.5,0.45,0.027467,0,0.26306,0.13927,0.74525,0.066264,0.015064,107.6,0.055751,0.0039669,0.43407,2.194
1,anisotropy,0.5,0.9,0.19802,0.013251,0.26232,0.13899,0.74525,0.066265,0.015019,107.51,0.055721,0.0039714,0.43476,2.219
1,rim-shadow,2,0,2.1558,0.22487,0.27158,0.14683,0.74522,0.066281,0.015483,108.41,0.055778,0.0039115,0.44313,1.933
1,rim-shadow,2,1.5,0.33785,0.062297,0.26432,0.14042,0.74524,0.066272,0.015127,107.73,0.055833,0.0039562,0.43571,2.163
1,rim-shadow,2,3,0.52677,0.10485,0.26086,0.13731,0.74525,0.066257,0.014956,107.38,0.055556,0.003986,0.43118,2.160
1,rim-shadow,2,4.5,1.1148,0.17509,0.25851,0.13504,0.74525,0.066255,0.014846,107.15,0.055304,0.0040057,0.42712,2.192
1,rim-shadow,2,6,1.5766,0.2083,0.25668,0.13316,0.74525,0.066259,0.014761,106.98,0.055086,0.0040195,0.42333,2.208
1,star-brightness,0.55,0.1375,0.9754,0.088224,0.25904,0.13658,0.74524,0.066264,0.014962,107.28,0.056483,0.0018664,0.42803,2.175
1,star-brightness,0.55,0.275,0.61561,0.06959,0.2605,0.13743,0.74524,0.066264,0.014999,107.4,0.056174,0.0026789,0.42935,2.202
1,star-brightness,0.55,1.1,1.0184,0.10274,0.26696,0.14275,0.74524,0.066264,0.015149,107.87,0.055171,0.0058988,0.44706,2.167
1,star-brightness,0.55,2.2,2.6418,0.16854,0.27319,0.14908,0.74524,0.066264,0.015272,108.26,0.054464,0.0086072,0.47638,2.197
1,star-brightness,0.55,0,1.4201,0.10023,0.25716,0.13596,0.74524,0.066264,0.014918,107.11,0.057013,0.00076092,0.42865,2.209
1,star-count,30000,7500,1.0532,0.075481,0.25866,0.13682,0.74524,0.066264,0.014955,107.24,0.056685,0.0016306,0.43047,1.899
1,star-count,30000,15000,0.71527,0.051357,0.26005,0.13757,0.74524,0.066264,0.014988,107.36,0.056381,0.0024175,0.4313,1.993
1,star-count,30000,60000,1.4445,0.10103,0.26885,0.14245,0.74524,0.066264,0.015198,108.04,0.05453,0.0068168,0.44207,2.538
1,star-count,30000,120000,4.2346,0.26832,0.28015,0.14828,0.74524,0.066264,0.015466,108.86,0.052368,0.011615,0.45511,3.361
1,star-reach,1.5,0.375,2.4647,0.17285,0.26333,0.13774,0.74524,0.066264,0.015056,107.51,0.056069,0.0041344,0.43583,2.058
1,star-reach,1.5,0.75,2.5545,0.17728,0.26332,0.13801,0.74524,0.066264,0.015066,107.53,0.056035,0.0041141,0.4359,2.080
1,star-reach,1.5,3,2.5158,0.15951,0.26283,0.14133,0.74524,0.066264,0.015014,107.66,0.055368,0.0036877,0.44706,3.012
1,star-reach,1.5,6,2.3461,0.14575,0.26149,0.14194,0.74524,0.066264,0.01494,107.6,0.055441,0.0028103,0.45691,4.347
1,nebula-scale,0.08,0.02,0.0025272,0.00019466,0.26296,0.13922,0.74524,0.066264,0.015059,107.59,0.055748,0.0039637,0.43404,2.161
1,nebula-scale,0.08,0.04,0.0020134,0.00017127,0.26296,0.13922,0.74524,0.066264,0.015059,107.59,0.055745,0.0039647,0.43405,2.141
1,nebula-scale,0.08,0.16,0.0078499,0.00065023,0.263,0.13927,0.74524,0.066264,0.015059,107.59,0.055732,0.0039788,0.43439,2.182
1,nebula-scale,0.08,0.32,0.024582,0.0018493,0.26306,0.13934,0.74524,0.066264,0.015058,107.6,0.055704,0.004007,0.43481,2.198
1,cluster-stars,1,0.25,0.0012615,0.00010634,0.26296,0.13921,0.74524,0.066264,0.015059,107.59,0.05574,0.0039667,0.43385,2.198
1,cluster-stars,1,0.5,0.00073702,7.9597e-05,0.26296,0.13922,0.74524,0.066264,0.015059,107.59,0.05574,0.0039671,0.43394,2.155
1,cluster-stars,1,2,0.0011584,0.00011602,0.26297,0.13924,0.74524,0.066264,0.015059,107.59,0.055742,0.0039688,0.43446,2.175
1,cluster-stars,1,4,0.002841,0.00023981,0.26298,0.13926,0.74524,0.066264,0.015058,107.59,0.055743,0.0039699,0.43517,2.161
1,cluster-stars,1,0,0.0021934,0.00011866,0.26296,0.13921,0.74524,0.066264,0.015059,107.59,0.055738,0.0039656,0.43377,2.161
1,young,40,0,0.00046313,5.4327e-05,0.26296,0.13922,0.74524,0.066264,0.015059,107.59,0.05574,0.0039672,0.43408,2.180
1,young,40,125,0.0011332,0.00013934,0.26297,0.13923,0.74524,0.066264,0.015059,107.59,0.05574,0.0039682,0.43416,2.192
1,young,40,250,0.0020648,0.0002685,0.26297,0.13924,0.74524,0.066264,0.015058,107.59,0.055741,0.0039691,0.43423,2.130
1,young,40,375,0.0032345,0.00044766,0.26298,0.13925,0.74524,0.066264,0.015058,107.59,0.055741,0.0039701,0.4343,2.179
1,young,40,500,0.0045864,0.00059412,0.26298,0.13927,0.74524,0.066264,0.015058,107.59,0.055742,0.0039712,0.43439,2.152
1,star-halo,0.1,0,0.13962,0.018205,0.26291,0.13949,0.74524,0.066264,0.01506,107.57,0.055821,0.0042512,0.43567,2.187
1,star-halo,0.1,0.25,0.23713,0.033623,0.26315,0.13887,0.74524,0.066264,0.015061,107.62,0.055599,0.0035479,0.43177,2.148
1,star-halo,0.1,0.5,0.65812,0.087686,0.26349,0.13835,0.74524,0.066264,0.015066,107.67,0.055379,0.0028227,0.42822,2.176
1,star-halo,0.1,0.75,1.1047,0.13011,0.26378,0.13789,0.74524,0.066264,0.01507,107.71,0.055191,0.002048,0.42524,2.165
1,star-halo,0.1,1,1.5866,0.16652,0.26392,0.1375,0.74524,0.066264,0.01507,107.73,0.05508,0.0013763,0.42312,2.176
1,star-halo-deg,0.4,0.1,0.11828,0.015337,0.2629,0.13945,0.74524,0.066264,0.015059,107.57,0.055812,0.004202,0.43545,2.174
1,star-halo-deg,0.4,0.2,0.070478,0.0062756,0.26296,0.13936,0.74524,0.066264,0.01506,107.58,0.05577,0.0040542,0.43473,2.198
1,star-halo-deg,0.4,0.8,0.077401,0.0050799,0.26291,0.13912,0.74524,0.066264,0.015056,107.59,0.055734,0.0039744,0.43386,2.183
1,star-halo-deg,0.4,1.6,0.11874,0.0092513,0.2628,0.13908,0.74524,0.066264,0.015053,107.58,0.055755,0.0039874,0.4339,2.193
1,spike,0,0.125,0,0,0.26297,0.13923,0.74524,0.066264,0.015059,107.59,0.05574,0.0039677,0.43411,2.156
1,spike,0,0.25,0,0,0.26297,0.13923,0.74524,0.066264,0.015059,107.59,0.05574,0.0039677,0.43411,2.176
1,spike,0,0.375,0,0,0.26297,0.13923,0.74524,0.066264,0.015059,107.59,0.05574,0.0039677,0.43411,2.166
1,spike,0,0.5,0,0,0.26297,0.13923,0.74524,0.066264,0.015059,107.59,0.05574,0.0039677,0.43411,2.165
1,galaxy-dust,1,0.25,1.1382,0.10177,0.267,0.14556,0.74524,0.066265,0.014851,108.16,0.05451,0.0039441,0.45539,2.159
1,galaxy-dust,1,0.5,0.71662,0.058593,0.26555,0.14296,0.74524,0.066264,0.014949,107.94,0.054836,0.0039537,0.44552,2.179
1,galaxy-dust,1,2,1.1055,0.1224,0.2588,0.13473,0.74524,0.06626,0.015157,107.13,0.057155,0.0039795,0.42584,2.200
1,galaxy-dust,1,4,2.6979,0.22406,0.25255,0.12997,0.74524,0.066259,0.015227,106.56,0.059175,0.0039668,0.42243,2.164
1,galaxy-dust,1,0,1.605,0.13372,0.26855,0.14878,0.74524,0.066266,0.014691,108.47,0.054157,0.0039351,0.47017,2.153
1,galaxy-warp,1,0,0.11948,0.0041562,0.2629,0.13918,0.74524,0.066264,0.015057,107.59,0.055737,0.0039596,0.43345,2.142
1,galaxy-warp,1,1.25,0.017679,0.00016231,0.26297,0.13923,0.74524,0.066264,0.015059,107.59,0.055744,0.0039675,0.43409,2.214
1,galaxy-warp,1,2.5,0.46161,0.02785,0.26302,0.13922,0.74524,0.066262,0.015062,107.59,0.055777,0.0039683,0.43411,2.174
1,galaxy-warp,1,3.75,0.56241,0.037031,0.2631,0.13925,0.74524,0.066263,0.015063,107.6,0.055803,0.0039682,0.43542,2.154
1,galaxy-warp,1,5,0.68445,0.062494,0.26316,0.13925,0.74524,0.066262,0.015065,107.6,0.055809,0.0039736,0.43504,2.175
1,external-galaxies,4,0,0.0025221,0.00014861,0.26295,0.13923,0.74524,0.066264,0.015059,107.59,0.05574,0.0039653,0.43413,2.154
1,external-galaxies,4,2,0.0013117,7.1037e-05,0.26296,0.13923,0.74524,0.066264,0.015059,107.59,0.05574,0.0039663,0.43412,2.164
1,external-galaxies,4,6,0.00063905,5.0803e-05,0.26297,0.13923,0.74524,0.066264,0.015059,107.59,0.055739,0.0039683,0.43411,2.176
1,external-galaxies,4,8,0.001295,0.00010437,0.26297,0.13923,0.74525,0.066264,0.015059,107.59,0.055736,0.0039685,0.4341,2.190
7,(default),,,0,0,0.31157,0.13986,0.68052,0.071907,0.010164,196.18,0.38146,0.0044669,0.42194,2.719
7,fold-scale,1.6,0.4,11.102,0.61618,0.32218,0.14668,0.69931,0.056018,0.010634,197.73,0.34817,0.0045326,0.4163,2.590
7,fold-scale,1.6,0.8,9.9027,0.62282,0.3115,0.13078,0.69108,0.065444,0.010354,198.33,0.36086,0.0044972,0.38362,2.623
7,fold-scale,1.6,3.2,13.09,0.63715,0.32724,0.14941,0.6847,0.050776,0.010833,199.67,0.32466,0.0046677,0.4217,2.807
7,fold-scale,1.6,6.4,10.613,0.61712,0.31593,0.14109,0.65985,0.061843,0.010325,198.39,0.34957,0.0048436,0.41899,3.513
7,outer-sharpness,6,1.5,0.86674,0.13608,0.31151,0.14004,0.65248,0.086503,0.010339,197.75,0.36883,0.0044062,0.42211,2.849
7,outer-sharpness,6,3,0.39545,0.052662,0.31142,0.13997,0.66683,0.078473,0.010238,196.86,0.3762,0.0044387,0.42221,2.706
7,outer-sharpness,6,12,0.31986,0.038565,0.31176,0.13978,0.69068,0.066222,0.010111,195.66,0.38518,0.0044878,0.42161,2.620
7,outer-sharpness,6,24,0.56117,0.078291,0.31189,0.13975,0.69775,0.061915,0.010071,195.28,0.3878,0.0045047,0.42135,2.593
7,detail-scale,5,1.25,8.1206,0.51285,0.30774,0.14115,0.71453,0.087641,0.01022,194.85,0.40246,0.0041152,0.4207,2.744
7,detail-scale,5,2.5,7.1684,0.5132,0.30603,0.14184,0.69334,0.068414,0.0097944,191.61,0.41882,0.0043492,0.43408,2.701
7,detail-scale,5,10,7.4591,0.56288,0.3153,0.13994,0.67009,0.071624,0.010402,197.9,0.36555,0.0047655,0.41909,2.592
7,detail-scale,5,20,7.5309,0.57646,0.32083,0.14114,0.6622,0.073126,0.010697,199.87,0.34455,0.005098,0.42165,2.580
7,detail-gain,0.55,0.2,3.0422,0.36128,0.319,0.14163,0.65276,0.074434,0.010713,199.44,0.3472,0.0042585,0.4158,2.656
7,detail-gain,0.55,0.375,1.6486,0.24126,0.31559,0.14093,0.66447,0.07322,0.010465,198.03,0.36287,0.004331,0.41867,2.651
7,detail-gain,0.55,0.725,1.7991,0.26018,0.30678,0.13844,0.69784,0.070649,0.0098132,193.75,0.4035,0.0046357,0.42584,2.691
7,detail-gain,0.55,0.9,3.574,0.37968,0.30124,0.13708,0.71404,0.070228,0.0094314,190.51,0.42881,0.0047068,0.43045,2.625
7,erosion,0.65,0,10.141,0.73367,0.3498,0.14305,0.53024,0.077473,0.012874,207.77,0.2294,0.0037458,0.39306,2.695
7,erosion,0.65,0.25,1.8213,0.26217,0.31739,0.14101,0.63623,0.074529,0.010665,198.82,0.35766,0.004288,0.41837,2.670
7,erosion,0.65,0.5,0.4626,0.079249,0.31295,0.14013,0.66812,0.072801,0.010287,196.87,0.37549,0.0044193,0.4212,2.667
7,erosion,0.65,0.75,0.23449,0.028092,0.3109,0.13973,0.68713,0.071354,0.010102,195.82,0.38449,0.0044922,0.42225,2.664
7,erosion,0.65,1,1.0045,0.14504,0.31082,0.14043,0.70981,0.062106,0.0099374,194.73,0.39128,0.0045867,0.42511,2.658
7,filament,0.5,0,4.4512,0.43738,0.31978,0.14186,0.64407,0.076352,0.010797,199.94,0.34039,0.0043592,0.41445,2.689
7,filament,0.5,0.25,2.5843,0.30895,0.31471,0.14063,0.66172,0.074123,0.010452,197.91,0.36406,0.0043768,0.417,2.664
7,filament,0.5,0.75,3.0234,0.34822,0.3147,0.14013,0.67923,0.071258,0.010314,197.27,0.37061,0.0046038,0.42065,2.674
7,filament,0.5,1,5.5713,0.49424,0.32091,0.1414,0.6632,0.071718,0.010701,199.56,0.34615,0.0045899,0.41716,2.680
7,hardness,0.5,0,4.8308,0.4103,0.29479,0.13647,0.72757,0.072043,0.0090657,186.06,0.45728,0.0042913,0.4348,2.659
7,hardness,0.5,0.25,2.152,0.28609,0.30406,0.13822,0.70313,0.07175,0.0096713,192.26,0.41624,0.0044241,0.42779,2.672
7,hardness,0.5,0.75,1.4117,0.22443,0.31645,0.1408,0.66416,0.072033,0.010487,198.3,0.3592,0.0044854,0.41813,2.661
7,hardness,0.5,1,2.3523,0.32599,0.31976,0.14138,0.65298,0.072077,0.010709,199.59,0.3446,0.0044925,0.41569,2.662
7,dust-style,lanes,vein,1.0526,0.15171,0.31487,0.13938,0.69268,0.059314,0.010208,196.88,0.37656,0.0044421,0.41814,2.663
7,dust-style,lanes,physical,4.7977,0.42187,0.29932,0.13945,0.70663,0.085469,0.0092745,191.11,0.4347,0.0043499,0.43424,2.604
7,dust-scale,4,1,3.9618,0.33929,0.30457,0.14233,0.68141,0.078414,0.009981,195.4,0.38966,0.0043318,0.43229,2.609
7,dust-scale,4,2,3.2282,0.29299,0.3128,0.14112,0.6862,0.075358,0.010255,196.75,0.37621,0.0044918,0.4179,2.652
7,dust-scale,4,8,3.1301,0.32021,0.30828,0.14033,0.66818,0.083081,0.010158,196.04,0.38098,0.004511,0.42554,2.875
7,dust-scale,4,16,3.0203,0.3341,0.30857,0.13899,0.65537,0.076651,0.010136,196.26,0.37921,0.0045854,0.42392,3.231
7,mass-fine,1,0,0,0,0.31157,0.13986,0.68052,0.071907,0.010164,196.18,0.38146,0.0044669,0.42194,2.680
7,mass-fine,1,0.75,9.0934e-06,0,0.31157,0.13986,0.68052,0.071907,0.010164,196.18,0.38146,0.0044669,0.42194,2.676
7,mass-fine,1,1.5,9.0934e-06,0,0.31157,0.13986,0.68052,0.071907,0.010164,196.18,0.38146,0.0044669,0.42194,2.676
7,mass-fine,1,2.25,9.0934e-06,0,0.31157,0.13986,0.68052,0.071907,0.010164,196.18,0.38146,0.0044669,0.42194,2.642
7,mass-fine,1,3,9.0934e-06,0,0.31157,0.13986,0.68052,0.071907,0.010164,196.18,0.38146,0.0044669,0.42194,2.688
7,mass-edge,0,0.25,0,0,0.31157,0.13986,0.68052,0.071907,0.010164,196.18,0.38146,0.0044669,0.42194,2.697
7,mass-edge,0,0.5,0,0,0.31157,0.13986,0.68052,0.071907,0.010164,196.18,0.38146,0.0044669,0.42194,2.697
7,mass-edge,0,0.75,0,0,0.31157,0.13986,0.68052,0.071907,0.010164,196.18,0.38146,0.0044669,0.42194,2.660
7,mass-edge,0,1,0,0,0.31157,0.13986,0.68052,0.071907,0.010164,196.18,0.38146,0.0044669,0.42194,2.655
7,mass-edge-patch,0,0.25,0,0,0.31157,0.13986,0.68052,0.071907,0.010164,196.18,0.38146,0.0044669,0.42194,2.677
7,mass-edge-patch,0,0.5,0,0,0.31157,0.13986,0.68052,0.071907,0.010164,196.18,0.38146,0.0044669,0.42194,2.672
7,mass-edge-patch,0,0.75,0,0,0.31157,0.13986,0.68052,0.071907,0.010164,196.18,0.38146,0.0044669,0.42194,2.675
7,mass-edge-patch,0,1,0,0,0.31157,0.13986,0.68052,0.071907,0.010164,196.18,0.38146,0.0044669,0.42194,2.658
7,graze,3,0,0,0,0.31157,0.13986,0.68052,0.071907,0.010164,196.18,0.38146,0.0044669,0.42194,2.671
7,graze,3,1.25,0,0,0.31157,0.13986,0.68052,0.071907,0.010164,196.18,0.38146,0.0044669,0.42194,2.377
7,graze,3,2.5,0,0,0.31157,0.13986,0.68052,0.071907,0.010164,196.18,0.38146,0.0044669,0.42194,2.365
7,graze,3,3.75,0,0,0.31157,0.13986,0.68052,0.071907,0.010164,196.18,0.38146,0.0044669,0.42194,2.380
7,graze,3,5,0,0,0.31157,0.13986,0.68052,0.071907,0.010164,196.18,0.38146,0.0044669,0.42194,2.365
7,distant-count,3,0,0.23925,0.0091029,0.31143,0.13951,0.68652,0.069443,0.010115,195.54,0.38734,0.0044238,0.42226,2.515
7,distant-count,3,2,0.22247,0.0084704,0.3115,0.13949,0.68612,0.06949,0.010121,195.57,0.38703,0.0044337,0.42216,2.596
7,distant-count,3,4,0.11327,0.0047638,0.3116,0.13999,0.67723,0.07276,0.010194,196.52,0.37772,0.0044722,0.42228,2.712
7,distant-count,3,5,0.1465,0.0056107,0.31173,0.14004,0.67665,0.072782,0.010206,196.57,0.37729,0.0044822,0.42216,2.745
7,distant-count,3,7,0.45856,0.019518,0.31243,0.14035,0.66702,0.077265,0.010327,197.34,0.37102,0.0045238,0.42109,2.884
7,distant-min-deg,3,0.75,0.074217,0.0060087,0.31152,0.13985,0.6813,0.071672,0.010156,196.1,0.38211,0.004462,0.42203,2.689
7,distant-min-deg,3,1.5,0.055201,0.0051494,0.31153,0.13986,0.68105,0.071742,0.010158,196.12,0.38192,0.0044629,0.42201,2.689
7,distant-min-deg,3,6,0.13638,0.0087717,0.31172,0.13985,0.67899,0.07229,0.010184,196.33,0.38026,0.0044753,0.42171,2.706
7,distant-min-deg,3,12,0.42769,0.019029,0.31226,0.1398,0.67423,0.073733,0.010255,196.78,0.37678,0.004485,0.42086,2.734
7,distant-max-deg,14,3.5,0.22873,0.0088826,0.31151,0.13952,0.68567,0.069645,0.010123,195.62,0.38662,0.0044484,0.42212,2.654
7,distant-max-deg,14,7,0.23055,0.008785,0.31154,0.13961,0.68462,0.070125,0.010132,195.74,0.38546,0.0044609,0.42201,2.672
7,distant-max-deg,14,28,1.1171,0.032545,0.31052,0.13951,0.66546,0.078528,0.010253,197.93,0.36542,0.0044593,0.42193,2.744
7,distant-max-deg,14,56,0.49761,0.021597,0.31163,0.14006,0.67587,0.075734,0.010228,196.73,0.37695,0.0044641,0.42166,2.733
7,oxygen-threshold,20,5,1.201,0.24097,0.31624,0.14147,0.68051,0.0719,0.010446,198,0.36082,0.0045031,0.41858,2.670
7,oxygen-threshold,20,10,0.69819,0.12329,0.31431,0.14062,0.68052,0.0719,0.010326,197.33,0.36856,0.0044796,0.41941,2.384
7,oxygen-threshold,20,40,1.0294,0.17254,0.30754,0.13867,0.68052,0.07191,0.0098401,194.33,0.39622,0.0044679,0.42694,2.366
7,oxygen-threshold,20,80,2.3128,0.26796,0.30266,0.1351,0.68052,0.071911,0.0094917,192.85,0.40928,0.0044788,0.42638,2.375
7,grade-galaxy,0.2,0,1.046,0.1998,0.31176,0.13987,0.68052,0.071907,0.011868,167.19,0.6105,0.0044627,0.42195,2.377
7,grade-galaxy,0.2,0.25,0.26079,0.0058491,0.31153,0.13986,0.68052,0.071907,0.0098838,200.77,0.30445,0.0044678,0.42194,2.334
7,grade-galaxy,0.2,0.5,1.563,0.40765,0.31135,0.13981,0.68052,0.071907,0.010581,214.62,0.032759,0.0044705,0.42193,2.339
7,grade-galaxy,0.2,0.75,2.8669,0.73822,0.31123,0.13972,0.68052,0.071907,0.013964,220.98,0.0063103,0.0044709,0.42193,2.390
7,grade-galaxy,0.2,1,4.1791,0.82897,0.31117,0.1396,0.68052,0.071907,0.017695,224.33,0.0064337,0.0044688,0.42192,2.363
7,grade-stars,0.6,0,0.2036,0.040429,0.31161,0.1399,0.68052,0.071907,0.010224,193.85,0.43002,0.0044886,0.42194,2.363
7,grade-stars,0.6,0.25,0.11883,0.024844,0.3116,0.13989,0.68052,0.071907,0.010147,194.9,0.40719,0.0044798,0.42194,2.370
7,grade-stars,0.6,0.5,0.034025,0.0036497,0.31158,0.13987,0.68052,0.071907,0.010142,195.83,0.38785,0.0044707,0.42194,2.349
7,grade-stars,0.6,0.75,0.051205,0.0087919,0.31156,0.13985,0.68052,0.071907,0.010221,196.67,0.37327,0.0044613,0.42194,2.349
7,grade-stars,0.6,1,0.13717,0.02872,0.31154,0.13983,0.68052,0.071907,0.010356,197.41,0.36207,0.0044516,0.42194,2.359
7,reflection,0.2,0.05,0.23864,0.028285,0.31065,0.13931,0.68052,0.071914,0.010124,195.98,0.38362,0.0044723,0.42102,2.384
7,reflection,0.2,0.1,0.15847,0.016909,0.31096,0.1395,0.68052,0.071912,0.010137,196.05,0.38288,0.0044705,0.42132,2.335
7,reflection,0.2,0.4,0.30984,0.037398,0.31276,0.14061,0.68052,0.071902,0.010215,196.42,0.37875,0.0044607,0.42322,2.362
7,reflection,0.2,0.8,0.90418,0.13355,0.31502,0.14214,0.68051,0.071878,0.01031,196.86,0.37379,0.0044509,0.42594,2.380
7,reflection,0.2,0,0.31946,0.038493,0.31034,0.13914,0.68052,0.071916,0.01011,195.91,0.38436,0.0044745,0.42072,2.355
7,anisotropy,0.5,-0.9,0.66225,0.090223,0.31304,0.13902,0.6805,0.071905,0.010295,197.11,0.37453,0.0044652,0.41853,2.361
7,anisotropy,0.5,-0.45,0.64877,0.13444,0.31359,0.13974,0.6805,0.071904,0.010312,197.17,0.37198,0.0044543,0.41895,2.377
7,anisotropy,0.5,0,0.34361,0.027925,0.31251,0.13987,0.68051,0.071902,0.010238,196.65,0.37717,0.0044619,0.42056,2.348
7,anisotropy,0.5,0.45,0.036259,4.0564e-05,0.31164,0.13986,0.68052,0.071906,0.01017,196.21,0.38112,0.0044667,0.4218,2.353
7,anisotropy,0.5,0.9,0.2672,0.022672,0.311,0.13988,0.68052,0.071916,0.010115,195.93,0.38399,0.0044691,0.42357,2.358
7,rim-shadow,2,0,2.308,0.27601,0.32016,0.14751,0.68051,0.071894,0.010612,197.82,0.36245,0.0044336,0.43721,2.087
7,rim-shadow,2,1.5,0.40675,0.065608,0.31308,0.14129,0.68051,0.071905,0.01024,196.48,0.37822,0.00446,0.42511,2.328
7,rim-shadow,2,3,0.68088,0.13952,0.30904,0.13739,0.68052,0.071899,0.01004,195.67,0.38675,0.0044791,0.41619,2.358
7,rim-shadow,2,4.5,1.5131,0.23686,0.30596,0.13424,0.68053,0.071892,0.0098918,195.03,0.39316,0.004495,0.40867,2.358
7,rim-shadow,2,6,2.2175,0.279,0.30334,0.1315,0.68053,0.071893,0.0097643,194.48,0.39873,0.0045088,0.40217,2.374
7,star-brightness,0.55,0.1375,1.231,0.10085,0.3069,0.13682,0.68052,0.071907,0.010091,195.11,0.40204,0.0021487,0.40824,2.362
7,star-brightness,0.55,0.275,0.76605,0.081392,0.30867,0.13784,0.68052,0.071907,0.010116,195.55,0.39363,0.0030729,0.41203,2.364
7,star-brightness,0.55,1.1,1.2225,0.11839,0.31613,0.14361,0.68052,0.071907,0.010243,197.03,0.36458,0.0064627,0.44437,2.353
7,star-brightness,0.55,2.2,3.1119,0.19581,0.32308,0.14995,0.68052,0.071907,0.010363,198.13,0.34196,0.0091459,0.4883,2.348
7,star-brightness,0.55,0,1.8582,0.11235,0.30444,0.13604,0.68052,0.071907,0.010075,194.38,0.41656,0.00074729,0.40724,2.382
7,star-count,30000,7500,1.367,0.084207,0.30638,0.13714,0.68052,0.071907,0.010102,194.93,0.40721,0.001758,0.41357,2.112
7,star-count,30000,15000,0.90173,0.056736,0.30816,0.13807,0.68052,0.071907,0.010121,195.34,0.39836,0.0026996,0.41709,2.178
7,star-count,30000,60000,1.7615,0.1096,0.31828,0.14312,0.68052,0.071907,0.010257,197.58,0.34985,0.0076474,0.43431,2.715
7,star-count,30000,120000,5.2955,0.29184,0.33174,0.14953,0.68052,0.071907,0.010494,199.99,0.29296,0.013248,0.45848,3.431
7,star-reach,1.5,0.375,2.8934,0.18671,0.31025,0.13743,0.68052,0.071907,0.010182,195.91,0.38845,0.0039525,0.41352,2.253
7,star-reach,1.5,0.75,2.8461,0.1788,0.31108,0.13822,0.68052,0.071907,0.010185,196.05,0.38433,0.004326,0.41633,2.284
7,star-reach,1.5,3,2.9174,0.16773,0.31036,0.14097,0.68052,0.071907,0.010086,196.09,0.38362,0.0037195,0.42776,2.710
7,star-reach,1.5,6,2.8145,0.16019,0.30885,0.14133,0.68052,0.071907,0.010022,195.9,0.38802,0.0026789,0.44163,3.852
7,nebula-scale,0.08,0.02,0.0062072,0.00058994,0.31155,0.13984,0.68052,0.071907,0.010164,196.17,0.38157,0.00446,0.42171,2.375
7,nebula-scale,0.08,0.04,0.0042663,0.00047766,0.31155,0.13985,0.68052,0.071907,0.010164,196.17,0.38153,0.0044617,0.4218,2.358
7,nebula-scale,0.08,0.16,0.01537,0.0013622,0.31163,0.13991,0.68052,0.071907,0.010165,196.18,0.38133,0.0044894,0.42243,2.332
7,nebula-scale,0.08,0.32,0.058003,0.0043451,0.31179,0.14004,0.68052,0.071907,0.010171,196.22,0.38101,0.0045483,0.42463,2.364
7,cluster-stars,1,0.25,0.0042525,0.00034197,0.31155,0.13984,0.68052,0.071907,0.010163,196.17,0.38146,0.0044646,0.42137,2.371
7,cluster-stars,1,0.5,0.0024722,0.00029319,0.31156,0.13985,0.68052,0.071907,0.010163,196.17,0.38146,0.0044658,0.42156,2.383
7,cluster-stars,1,2,0.0035272,0.0004216,0.31158,0.13988,0.68052,0.071907,0.010165,196.18,0.38146,0.0044678,0.42272,2.373
7,cluster-stars,1,4,0.0088053,0.00068583,0.3116,0.1399,0.68052,0.071907,0.010166,196.19,0.38146,0.0044682,0.42431,2.352
7,cluster-stars,1,0,0.008169,0.00036142,0.31154,0.13982,0.68052,0.071907,0.010162,196.16,0.38147,0.0044592,0.4212,2.326
7,young,40,0,0.0069087,0.00037828,0.31154,0.13985,0.68052,0.071907,0.010161,196.16,0.3815,0.004454,0.42192,2.380
7,young,40,125,0.025368,0.0012451,0.31162,0.13988,0.68052,0.071907,0.010168,196.21,0.3814,0.0044891,0.42195,2.367
7,young,40,250,0.041788,0.0020413,0.31168,0.13991,0.68052,0.071907,0.010174,196.25,0.38132,0.0045158,0.422,2.360
7,young,40,375,0.058167,0.0027764,0.31175,0.13995,0.68052,0.071907,0.01018,196.3,0.38124,0.0045404,0.42205,2.350
7,young,40,500,0.072856,0.0034263,0.31181,0.13999,0.68052,0.071907,0.010185,196.33,0.38118,0.004563,0.42216,2.359
7,star-halo,0.1,0,0.23206,0.032592,0.31121,0.14024,0.68052,0.071907,0.010166,195.97,0.38518,0.0048072,0.42469,2.366
7,star-halo,0.1,0.25,0.37798,0.057921,0.31221,0.13942,0.68052,0.071907,0.010164,196.47,0.37585,0.0039824,0.41794,2.387
7,star-halo,0.1,0.5,1.0227,0.13084,0.31322,0.13883,0.68052,0.071907,0.010168,196.89,0.36744,0.0031553,0.41198,2.352
7,star-halo,0.1,0.75,1.6872,0.18423,0.31409,0.13832,0.68052,0.071907,0.010173,197.23,0.3603,0.002272,0.4069,2.365
7,star-halo,0.1,1,2.3902,0.22739,0.31471,0.13788,0.68052,0.071907,0.010176,197.48,0.35507,0.001492,0.40307,2.353
7,star-halo-deg,0.4,0.1,0.19366,0.027958,0.31124,0.14018,0.68052,0.071907,0.010166,196,0.38471,0.0047275,0.42428,2.337
7,star-halo-deg,0.4,0.2,0.11843,0.015457,0.31142,0.14007,0.68052,0.071907,0.010166,196.09,0.38317,0.0045635,0.42311,2.355
7,star-halo-deg,0.4,0.8,0.13749,0.015566,0.31158,0.13967,0.68052,0.071907,0.010157,196.23,0.38038,0.0044892,0.42136,2.364
7,star-halo-deg,0.4,1.6,0.22533,0.025964,0.31145,0.13958,0.68052,0.071907,0.01015,196.22,0.3805,0.0045151,0.42138,2.376
7,spike,0,0.125,0.00033795,4.1565e-05,0.31157,0.13986,0.68052,0.071907,0.010164,196.18,0.38146,0.0044674,0.42193,2.349
7,spike,0,0.25,0.0006443,4.1565e-05,0.31157,0.13986,0.68052,0.071907,0.010164,196.18,0.38146,0.004468,0.42193,2.388
7,spike,0,0.375,0.00092493,4.1565e-05,0.31157,0.13986,0.68052,0.071907,0.010164,196.18,0.38145,0.0044685,0.42192,2.354
7,spike,0,0.5,0.0011839,4.1565e-05,0.31157,0.13987,0.68052,0.071907,0.010164,196.18,0.38145,0.004469,0.42192,2.381
7,galaxy-dust,1,0.25,1.1719,0.10545,0.31577,0.1446,0.68052,0.071908,0.0099907,197.55,0.35406,0.0044549,0.43311,2.374
7,galaxy-dust,1,0.5,0.73765,0.075933,0.31425,0.14259,0.68052,0.071906,0.010065,196.95,0.36531,0.0044608,0.42715,2.353
7,galaxy-dust,1,2,1.161,0.12154,0.30723,0.13672,0.68051,0.071906,0.010291,195.24,0.40284,0.0044628,0.41996,2.340
7,galaxy-dust,1,4,2.8891,0.26374,0.30056,0.1337,0.68051,0.071904,0.010453,194.2,0.42987,0.0044214,0.42297,2.377
7,galaxy-dust,1,0,1.6583,0.13076,0.31743,0.14728,0.68052,0.071908,0.0098807,198.49,0.33909,0.0044487,0.44333,2.379
7,galaxy-warp,1,0,0.68189,0.034997,0.31179,0.1397,0.68052,0.071906,0.010174,196.1,0.3823,0.004476,0.41992,2.365
7,galaxy-warp,1,1.25,0.13418,0.0064731,0.31149,0.13991,0.68052,0.071906,0.01016,196.19,0.3813,0.0044577,0.42223,2.366
7,galaxy-warp,1,2.5,0.60613,0.041345,0.31116,0.14005,0.68052,0.071908,0.010151,196.28,0.38062,0.0044546,0.42214,2.378
7,galaxy-warp,1,3.75,1.0577,0.11338,0.31085,0.1402,0.68052,0.071908,0.01014,196.38,0.37963,0.0044458,0.42255,2.363
7,galaxy-warp,1,5,1.5287,0.16573,0.31066,0.14042,0.68052,0.071907,0.010134,196.47,0.37858,0.0044906,0.42353,2.377
7,external-galaxies,4,0,0.0011544,0.00014225,0.31156,0.13986,0.68052,0.071907,0.010164,196.18,0.38146,0.0044668,0.42194,2.389
7,external-galaxies,4,2,0.00019435,3.3064e-05,0.31157,0.13986,0.68052,0.071907,0.010164,196.18,0.38146,0.0044668,0.42194,2.378
7,external-galaxies,4,6,0.00028232,3.4196e-05,0.31157,0.13986,0.68052,0.071907,0.010164,196.18,0.38146,0.0044672,0.42194,2.337
7,external-galaxies,4,8,0.00095074,8.1299e-05,0.31157,0.13986,0.68052,0.071907,0.010164,196.18,0.38148,0.0044675,0.42193,2.370
