seed,dial,from,to,change,changed_share,brightness,contrast,clear,opaque,chroma,hue,hue_spread,detail,bright_share,seconds
1,(default),,,0,0,0.21488,0.13284,0.2866,0.51062,0.012985,123.44,0.084807,0.0064351,0.42724,5.842
1,open,0,-1,20.158,0.81713,0.12643,0.11707,0.13804,0.69949,0.0091777,124.84,0.067875,0.0038617,0.49963,5.168
1,open,0,-0.5,15.774,0.73546,0.17581,0.12276,0.21136,0.62235,0.010994,125.48,0.078734,0.005194,0.44612,5.090
1,open,0,0.5,16.223,0.7426,0.23002,0.13141,0.34788,0.42954,0.013522,122,0.075699,0.0069561,0.40652,4.854
1,open,0,1,19.828,0.85917,0.23475,0.12565,0.38062,0.25876,0.013325,120.01,0.072173,0.006989,0.39426,4.750
1,dense,0,-1,6.2055,0.57385,0.23643,0.13301,0.33728,0.35294,0.013736,120.99,0.077691,0.0057788,0.42547,5.078
1,dense,0,-0.5,2.9524,0.40888,0.22473,0.13358,0.30879,0.44689,0.013343,122.1,0.08237,0.0060014,0.43047,5.038
1,dense,0,0.5,2.6965,0.37265,0.20689,0.13157,0.26788,0.56191,0.012601,124.84,0.086123,0.007082,0.42004,4.890
1,dense,0,1,5.1271,0.49702,0.2012,0.13046,0.25228,0.60414,0.012352,126.34,0.086271,0.0079798,0.41232,4.826
1,fragmented,0,-1,8.5841,0.52781,0.2031,0.12045,0.18566,0.66827,0.012288,130.02,0.072654,0.0056463,0.40441,4.964
1,fragmented,0,-0.5,6.4129,0.44833,0.21155,0.13144,0.23325,0.58959,0.012617,126.38,0.08359,0.0060882,0.43433,4.976
1,fragmented,0,0.5,10.173,0.60517,0.21936,0.12125,0.33858,0.42127,0.01289,124.6,0.069528,0.0073314,0.39306,4.991
1,fragmented,0,1,13.209,0.70483,0.21428,0.1216,0.39269,0.33104,0.012513,120.83,0.066517,0.0080121,0.39144,5.127
1,detailed,0,-1,8.1483,0.61021,0.22435,0.13667,0.32126,0.49552,0.013074,123.44,0.083775,0.0047058,0.45791,5.243
1,detailed,0,-0.5,6.4913,0.55551,0.21658,0.12827,0.3035,0.50404,0.01303,123.45,0.08603,0.0055408,0.4085,5.048
1,detailed,0,0.5,5.9954,0.55863,0.21129,0.13154,0.26872,0.52044,0.012903,123.93,0.087211,0.0079484,0.42296,5.064
1,detailed,0,1,7.6938,0.60143,0.21264,0.13228,0.24539,0.52614,0.013075,124.69,0.089098,0.0091917,0.41774,5.047
1,crisp,0,-1,5.1795,0.51277,0.20503,0.12315,0.29574,0.51347,0.012503,121.71,0.073561,0.0048951,0.42662,7.313
1,crisp,0,-0.5,3.0259,0.41332,0.20614,0.12598,0.29056,0.51133,0.012642,122.2,0.077328,0.0054808,0.41818,5.732
1,crisp,0,0.5,2.2268,0.32979,0.21733,0.13782,0.2835,0.51045,0.013102,123.91,0.089685,0.007391,0.43778,4.530
1,crisp,0,1,4.1019,0.45306,0.21859,0.14199,0.28093,0.51027,0.013227,124.27,0.09321,0.0085031,0.4463,4.261
1,turbulent,0,-1,5.0424,0.48932,0.2149,0.1334,0.28906,0.5103,0.012995,123.57,0.086844,0.0065419,0.42766,4.411
1,turbulent,0,-0.5,4.2911,0.45536,0.21524,0.13324,0.2863,0.51317,0.013008,123.68,0.087141,0.0065188,0.42642,4.661
1,turbulent,0,0.5,7.6637,0.58165,0.21318,0.13138,0.33694,0.45482,0.01278,120.89,0.075146,0.0065367,0.44131,5.484
1,turbulent,0,1,11.216,0.66078,0.20813,0.13081,0.40515,0.35823,0.012177,117.22,0.074776,0.0064805,0.45675,6.411
1,bright,0,-1,13.295,0.87059,0.14852,0.098497,0.2862,0.50995,0.010456,127.35,0.054861,0.0046374,0.37453,4.973
1,bright,0,-0.5,7.5866,0.84173,0.17903,0.11343,0.28638,0.51022,0.01151,125.04,0.070254,0.0054039,0.40395,1.154
1,bright,0,0.5,9.7719,0.87301,0.25752,0.15543,0.28691,0.51111,0.015046,121.96,0.097072,0.0076038,0.44403,1.159
1,bright,0,1,21.975,0.91492,0.30784,0.17955,0.28701,0.51152,0.017446,120.65,0.10683,0.0088195,0.4555,1.158
3,(default),,,0,0,0.18917,0.11961,0.25489,0.35531,0.017446,176,0.057219,0.0057641,0.44851,5.176
3,open,0,-1,13.632,0.83884,0.15981,0.12203,0.12753,0.56619,0.016614,178.36,0.057439,0.0045885,0.45438,5.437
3,open,0,-0.5,9.5911,0.73672,0.1733,0.12058,0.20268,0.43992,0.016541,176.41,0.05995,0.0052857,0.46538,5.319
3,open,0,0.5,12.227,0.79509,0.22578,0.11527,0.29144,0.3057,0.021467,179.44,0.048169,0.0064456,0.37649,5.053
3,open,0,1,18.575,0.89961,0.25693,0.11039,0.28729,0.16428,0.023588,178.82,0.050341,0.0067988,0.33752,4.925
3,dense,0,-1,8.8435,0.67067,0.2301,0.12966,0.34014,0.15651,0.019282,174.58,0.055329,0.0058553,0.43861,5.200
3,dense,0,-0.5,4.2292,0.55738,0.20938,0.12439,0.28944,0.25226,0.018262,174.94,0.057634,0.0057579,0.44525,5.190
3,dense,0,0.5,3.6054,0.5014,0.17115,0.11517,0.22899,0.45717,0.016906,177.84,0.051886,0.0059181,0.44328,5.116
3,dense,0,1,6.5035,0.60983,0.15675,0.11089,0.20887,0.56248,0.016558,180.29,0.044327,0.0063861,0.42804,5.035
3,fragmented,0,-1,9.2234,0.65326,0.14633,0.10953,0.15461,0.65931,0.016966,183.2,0.033145,0.0045436,0.43751,5.138
3,fragmented,0,-0.5,7.1201,0.58816,0.16633,0.11837,0.19205,0.52829,0.01737,180.83,0.039623,0.0049211,0.47851,5.185
3,fragmented,0,0.5,8.9833,0.69764,0.18263,0.11105,0.31895,0.24413,0.016069,171.27,0.064305,0.0059627,0.41153,5.154
3,fragmented,0,1,11.245,0.75572,0.19444,0.11799,0.3525,0.37801,0.01862,178.64,0.049216,0.0062873,0.4344,5.285
3,detailed,0,-1,5.3595,0.61121,0.19695,0.12203,0.2977,0.33949,0.017769,175.72,0.060395,0.0045632,0.46491,5.219
3,detailed,0,-0.5,4.7635,0.56974,0.19221,0.11961,0.28797,0.32701,0.017168,175.19,0.060479,0.0051198,0.46441,5.263
3,detailed,0,0.5,4.2677,0.56191,0.19012,0.11961,0.23921,0.35435,0.017534,175.99,0.057018,0.0068175,0.4523,5.273
3,detailed,0,1,5.0357,0.60699,0.19117,0.12006,0.22046,0.35082,0.017804,176.63,0.055517,0.0078276,0.44672,5.251
3,crisp,0,-1,4.4551,0.57562,0.2056,0.11429,0.26907,0.35535,0.019248,178.31,0.048156,0.0050082,0.40393,7.399
3,crisp,0,-0.5,1.887,0.35355,0.19263,0.11257,0.26084,0.35545,0.017946,176.74,0.054032,0.0052348,0.40485,5.961
3,crisp,0,0.5,1.3343,0.24501,0.18682,0.12304,0.25102,0.35536,0.017198,175.54,0.059551,0.0063044,0.46602,4.717
3,crisp,0,1,2.4297,0.39532,0.18458,0.12436,0.24777,0.35546,0.017009,175.24,0.061837,0.0069443,0.47015,4.471
3,turbulent,0,-1,3.4469,0.46284,0.18975,0.11869,0.24799,0.36719,0.017774,176.72,0.055073,0.0058377,0.44614,4.524
3,turbulent,0,-0.5,2.9134,0.42218,0.18831,0.11907,0.24961,0.36707,0.017569,176.4,0.056228,0.0058101,0.44998,4.805
3,turbulent,0,0.5,6.5038,0.62706,0.19394,0.12271,0.28014,0.32522,0.017486,175.41,0.060725,0.0060503,0.44634,5.783
3,turbulent,0,1,10.648,0.72678,0.20736,0.12648,0.39946,0.259,0.017352,174.13,0.061417,0.0072421,0.4368,6.842
3,bright,0,-1,10.865,0.8584,0.12951,0.092325,0.25443,0.35444,0.015859,180.79,0.029548,0.0040619,0.39589,5.196
3,bright,0,-0.5,6.3596,0.80859,0.15658,0.10411,0.25456,0.35491,0.01673,178.87,0.039378,0.00478,0.42706,1.331
3,bright,0,0.5,8.628,0.85617,0.229,0.13832,0.25507,0.3557,0.018901,171.98,0.08334,0.0069138,0.45913,1.333
3,bright,0,1,19.948,0.91607,0.27756,0.15989,0.25514,0.35611,0.020978,166.96,0.11554,0.0081392,0.46145,1.337
5,(default),,,0,0,0.25483,0.13266,0.11236,0.56765,0.069163,43.732,0.034075,0.005463,0.44703,5.409
5,open,0,-1,22.129,0.94139,0.16573,0.10116,0.016644,0.85924,0.055142,36.704,0.021433,0.0025638,0.49054,5.629
5,open,0,-0.5,18.011,0.91413,0.20686,0.11727,0.033123,0.75434,0.06285,40.266,0.030774,0.0036682,0.47585,5.609
5,open,0,0.5,15.467,0.86586,0.26009,0.13588,0.24919,0.4391,0.065527,45.747,0.034489,0.006041,0.4186,5.218
5,open,0,1,18.262,0.89123,0.25328,0.12981,0.40355,0.30097,0.060622,46.512,0.034589,0.0062124,0.41203,4.986
5,dense,0,-1,8.8352,0.85478,0.29103,0.1327,0.1675,0.30331,0.073443,46.831,0.034858,0.0051177,0.40695,5.613
5,dense,0,-0.5,4.1663,0.74562,0.27172,0.13295,0.13474,0.43512,0.071065,45.253,0.034449,0.0052496,0.42928,5.544
5,dense,0,0.5,3.5759,0.67793,0.24134,0.13202,0.096794,0.69339,0.067609,42.553,0.034262,0.0058241,0.46,5.294
5,dense,0,1,6.5994,0.78131,0.23142,0.13152,0.085156,0.77885,0.066417,41.757,0.035024,0.0063636,0.46988,5.119
5,fragmented,0,-1,8.9821,0.80731,0.24276,0.128,0.072058,0.74886,0.06855,42.814,0.035043,0.0046476,0.45836,5.153
5,fragmented,0,-0.5,6.7005,0.72847,0.24587,0.13052,0.080763,0.73833,0.068871,42.789,0.035035,0.0049372,0.45743,5.329
5,fragmented,0,0.5,7.6435,0.75178,0.25491,0.13461,0.13252,0.53993,0.068662,44.187,0.034892,0.0059697,0.44576,5.391
5,fragmented,0,1,13.23,0.88211,0.26366,0.13059,0.20138,0.4657,0.069343,44.681,0.033372,0.0071499,0.41865,5.346
5,detailed,0,-1,10.957,0.8715,0.28608,0.13438,0.12119,0.54894,0.076402,45.146,0.034882,0.0034183,0.42876,5.477
5,detailed,0,-0.5,8.3826,0.83667,0.26126,0.12899,0.10566,0.55713,0.07056,44.667,0.035322,0.004473,0.42665,5.618
5,detailed,0,0.5,7.2602,0.82548,0.25142,0.13063,0.085401,0.55427,0.068893,43.856,0.034001,0.0066794,0.44626,5.592
5,detailed,0,1,8.3642,0.84564,0.24885,0.12916,0.077067,0.56421,0.068739,43.589,0.032615,0.0079294,0.44428,5.521
5,crisp,0,-1,5.662,0.76698,0.24279,0.11743,0.11736,0.5657,0.067749,42.527,0.028534,0.0036605,0.42205,7.627
5,crisp,0,-0.5,2.9273,0.64864,0.25191,0.12486,0.11469,0.56648,0.069195,43.274,0.031479,0.0045007,0.4308,6.174
5,crisp,0,0.5,2.6821,0.61491,0.25464,0.13931,0.11077,0.56803,0.068459,43.975,0.036561,0.0065047,0.46336,5.029
5,crisp,0,1,5.0263,0.74989,0.25389,0.14503,0.10986,0.56836,0.067767,44.047,0.037958,0.0077184,0.47839,4.782
5,turbulent,0,-1,5.6797,0.70553,0.256,0.13454,0.11244,0.57105,0.069335,43.825,0.033635,0.0054367,0.4486,4.833
5,turbulent,0,-0.5,4.6448,0.6671,0.25597,0.13314,0.10885,0.56981,0.069511,43.79,0.033493,0.0054185,0.44545,5.121
5,turbulent,0,0.5,9.5074,0.80342,0.24937,0.13666,0.15244,0.51267,0.066024,43.999,0.034873,0.0055448,0.45862,5.886
5,turbulent,0,1,14.678,0.87216,0.24151,0.1343,0.27203,0.43355,0.062465,44.04,0.033148,0.0059427,0.45795,6.804
5,bright,0,-1,12.112,0.94637,0.19277,0.095374,0.11226,0.56723,0.060929,38.541,0.020407,0.0037086,0.3978,5.428
5,bright,0,-0.5,6.8743,0.91384,0.22068,0.11307,0.11232,0.56736,0.064896,41.017,0.027105,0.0045429,0.42511,1.773
5,bright,0,0.5,8.7962,0.93756,0.29577,0.15344,0.1124,0.56789,0.073372,46.598,0.040378,0.0064037,0.46341,1.757
5,bright,0,1,19.684,0.97865,0.34325,0.17431,0.11244,0.56815,0.077032,49.571,0.046156,0.0072973,0.47276,1.750
7,(default),,,0,0,0.19544,0.11966,0.16416,0.63721,0.0087968,219.44,0.31443,0.0060065,0.39343,4.902
7,open,0,-1,22.019,0.88376,0.14967,0.13628,0.061853,0.80053,0.0085333,227.99,0.070747,0.0040542,0.51518,5.025
7,open,0,-0.5,15.634,0.78009,0.15413,0.11872,0.08011,0.76442,0.008027,226.48,0.14814,0.0042941,0.4037,4.983
7,open,0,0.5,17.694,0.80551,0.23924,0.11717,0.33052,0.43833,0.0086984,208.78,0.39933,0.0077839,0.37286,4.811
7,open,0,1,23.92,0.85469,0.26512,0.12115,0.58126,0.24256,0.0083109,193.18,0.4759,0.0091397,0.3789,4.628
7,dense,0,-1,8.2168,0.70714,0.23213,0.11809,0.20511,0.42866,0.0090253,213.1,0.35585,0.0058443,0.38884,5.126
7,dense,0,-0.5,3.7154,0.52608,0.21187,0.11806,0.18217,0.54519,0.0089537,216.49,0.35267,0.0058484,0.39034,5.007
7,dense,0,0.5,2.9936,0.45175,0.18261,0.12235,0.14942,0.70466,0.0087234,221.94,0.26172,0.0063773,0.39647,4.819
7,dense,0,1,5.3881,0.57345,0.17395,0.12484,0.13647,0.74874,0.0088288,223.84,0.21686,0.0069837,0.40022,4.723
7,fragmented,0,-1,5.9087,0.55896,0.17746,0.12527,0.090823,0.78371,0.0090661,225.67,0.16327,0.0049825,0.40989,4.839
7,fragmented,0,-0.5,4.6775,0.48952,0.17887,0.12524,0.10688,0.74287,0.0088483,224.68,0.18758,0.0052442,0.40481,4.851
7,fragmented,0,0.5,10.243,0.67791,0.22213,0.11992,0.27249,0.4728,0.0083464,212.22,0.37105,0.0072182,0.37908,4.930
7,fragmented,0,1,14.661,0.76955,0.22639,0.11681,0.26442,0.4524,0.0089649,214.37,0.3241,0.0082438,0.355,4.997
7,detailed,0,-1,8.608,0.69043,0.21436,0.12475,0.1776,0.60821,0.0095297,219.11,0.28646,0.0044165,0.4067,4.944
7,detailed,0,-0.5,6.2943,0.61708,0.19981,0.11895,0.17731,0.63119,0.0087499,218.86,0.29798,0.0050865,0.38727,5.007
7,detailed,0,0.5,6.1263,0.60713,0.18964,0.11623,0.15319,0.62931,0.008447,219.36,0.31216,0.0072003,0.38393,5.009
7,detailed,0,1,7.5036,0.65408,0.18981,0.11741,0.14402,0.64329,0.0085627,219.75,0.29563,0.0081313,0.38382,4.981
7,crisp,0,-1,5.7087,0.5997,0.18674,0.10068,0.17108,0.63871,0.0079221,218.63,0.31907,0.004493,0.35373,6.708
7,crisp,0,-0.5,3.0278,0.43469,0.18997,0.10894,0.16694,0.63779,0.0083539,219.22,0.32587,0.0051096,0.36555,5.569
7,crisp,0,0.5,2.5756,0.3972,0.19744,0.12667,0.16199,0.6364,0.0091608,219.79,0.30731,0.0069809,0.41053,4.524
7,crisp,0,1,4.6507,0.49313,0.19878,0.13113,0.16018,0.63584,0.009505,220.31,0.29893,0.0081061,0.42304,4.252
7,turbulent,0,-1,5.6175,0.54617,0.19944,0.12143,0.17207,0.63133,0.008965,219.3,0.31171,0.0060693,0.40483,4.383
7,turbulent,0,-0.5,4.6809,0.50602,0.19876,0.12146,0.17243,0.63157,0.0089174,219.28,0.31277,0.0061212,0.40379,4.590
7,turbulent,0,0.5,8.7719,0.66325,0.20109,0.11886,0.1599,0.5979,0.0088752,218.14,0.33635,0.0060211,0.39222,5.363
7,turbulent,0,1,15.987,0.75049,0.21993,0.1402,0.23912,0.45823,0.0083714,208.61,0.41226,0.0073649,0.42627,6.268
7,bright,0,-1,11.831,0.82442,0.13726,0.090709,0.16413,0.63684,0.0067837,224.04,0.17278,0.0041206,0.3531,4.868
7,bright,0,-0.5,6.7759,0.78673,0.16361,0.10356,0.16413,0.63701,0.0075113,222.13,0.24458,0.0049684,0.37645,1.257
7,bright,0,0.5,8.8505,0.82568,0.23424,0.13876,0.16424,0.63732,0.010572,216.48,0.36768,0.0071334,0.4031,1.254
7,bright,0,1,20.064,0.88145,0.28073,0.16071,0.16428,0.63741,0.012723,213.02,0.40318,0.0082531,0.40638,1.256
11,(default),,,0,0,0.19702,0.15007,0.039492,0.79557,0.01806,114.05,0.014016,0.0045316,0.49223,5.046
11,open,0,-1,19.244,0.8014,0.14647,0.13005,0.044415,0.8593,0.013783,115.99,0.011834,0.0035831,0.53473,5.087
11,open,0,-0.5,16.874,0.75141,0.17543,0.14186,0.042145,0.85006,0.016372,115.36,0.015496,0.004188,0.48717,5.070
11,open,0,0.5,18.15,0.77908,0.20319,0.14456,0.050024,0.73059,0.018599,113.47,0.014468,0.0045656,0.44388,4.985
11,open,0,1,22.48,0.85175,0.21768,0.13953,0.089304,0.51662,0.02009,109.04,0.021733,0.0053538,0.40128,4.872
11,dense,0,-1,11.797,0.84985,0.25197,0.1496,0.060933,0.54426,0.021434,111.3,0.013337,0.0044826,0.44531,5.357
11,dense,0,-0.5,5.3495,0.62999,0.22208,0.1512,0.049217,0.69013,0.019477,112.67,0.015183,0.0044423,0.47293,5.211
11,dense,0,0.5,4.3621,0.52846,0.17626,0.14813,0.031703,0.86249,0.017027,115.55,0.01367,0.0048226,0.50523,4.888
11,dense,0,1,7.7861,0.65001,0.15883,0.14738,0.02612,0.90701,0.01589,116.96,0.0146,0.0052426,0.51395,4.763
11,fragmented,0,-1,7.5317,0.57083,0.1748,0.14821,0.027303,0.87385,0.016582,116.15,0.011789,0.0034389,0.52435,4.984
11,fragmented,0,-0.5,5.5254,0.48766,0.18123,0.14989,0.033415,0.86016,0.017078,115.57,0.011426,0.0038233,0.52235,4.951
11,fragmented,0,0.5,12.066,0.66628,0.23035,0.13878,0.085545,0.65564,0.019915,111.71,0.018449,0.0057062,0.42323,5.133
11,fragmented,0,1,18.545,0.87131,0.23726,0.13716,0.13308,0.53035,0.019881,110.04,0.018784,0.0068206,0.41491,5.158
11,detailed,0,-1,10.677,0.73498,0.22559,0.16717,0.03938,0.80414,0.019426,114.67,0.013396,0.0026964,0.52892,5.036
11,detailed,0,-0.5,7.7579,0.65515,0.21115,0.15398,0.036318,0.7864,0.018698,114.17,0.014194,0.0034373,0.49196,5.225
11,detailed,0,0.5,7.8994,0.62754,0.18656,0.15317,0.03212,0.81424,0.017467,114.24,0.01513,0.0057013,0.51893,5.247
11,detailed,0,1,8.56,0.63155,0.18583,0.1529,0.030748,0.81869,0.017462,114.4,0.0141,0.0067497,0.52471,5.140
11,crisp,0,-1,7.9236,0.71633,0.19128,0.123,0.041967,0.803,0.017627,114.74,0.012671,0.0030112,0.43257,7.017
11,crisp,0,-0.5,4.5318,0.57775,0.18662,0.13377,0.040988,0.79803,0.017331,114.4,0.014172,0.0037019,0.4528,5.755
11,crisp,0,0.5,3.3215,0.46433,0.19799,0.16061,0.038539,0.79412,0.018161,113.89,0.015047,0.0052967,0.51704,4.641
11,crisp,0,1,5.7541,0.62616,0.19511,0.16775,0.037771,0.7934,0.018176,113.93,0.017074,0.0061809,0.5399,4.402
11,turbulent,0,-1,7.0096,0.5689,0.2002,0.14892,0.041744,0.79383,0.018166,114.27,0.013647,0.0044755,0.48281,4.513
11,turbulent,0,-0.5,5.7345,0.51384,0.19705,0.14914,0.040514,0.79514,0.01807,114.23,0.013798,0.0044219,0.48681,4.758
11,turbulent,0,0.5,11.137,0.6889,0.21133,0.15013,0.051983,0.72593,0.018712,113.25,0.013735,0.004811,0.48321,5.539
11,turbulent,0,1,18.779,0.84019,0.2306,0.14962,0.12375,0.60985,0.019048,111.99,0.014145,0.006087,0.44961,6.468
11,bright,0,-1,10.427,0.75868,0.14216,0.11575,0.039284,0.79532,0.014641,116.8,0.011984,0.0034035,0.44031,5.062
11,bright,0,-0.5,5.8376,0.68952,0.16787,0.13151,0.03934,0.79544,0.016289,115.49,0.012092,0.0038884,0.47011,1.394
11,bright,0,0.5,7.2844,0.74699,0.23095,0.17013,0.039575,0.79562,0.020158,112.66,0.016433,0.0052461,0.50687,1.395
11,bright,0,1,16.185,0.85817,0.27011,0.19088,0.039625,0.79581,0.022562,111.1,0.01931,0.0059432,0.5145,1.393
13,(default),,,0,0,0.20349,0.10382,0.20431,0.50111,0.013992,252.43,0.17162,0.0052417,0.37415,5.250
13,open,0,-1,18.052,0.86698,0.14005,0.1019,0.091025,0.6959,0.013302,256.64,0.081905,0.0033444,0.44809,5.657
13,open,0,-0.5,14.33,0.80673,0.16361,0.10323,0.15456,0.61371,0.013076,253.94,0.13742,0.0041368,0.43539,5.474
13,open,0,0.5,14.849,0.80128,0.22767,0.10784,0.25079,0.42205,0.014668,251.44,0.18483,0.0059784,0.34747,5.101
13,open,0,1,19.547,0.83236,0.24162,0.11132,0.37969,0.29179,0.01298,248.25,0.21465,0.0068566,0.34052,4.897
13,dense,0,-1,10.533,0.74622,0.24297,0.11767,0.25568,0.27547,0.01392,250.37,0.14856,0.0052247,0.38182,5.414
13,dense,0,-0.5,5.1309,0.6253,0.22298,0.11027,0.22614,0.38594,0.013814,251.6,0.17197,0.0051896,0.37627,5.357
13,dense,0,0.5,4.3906,0.56307,0.18617,0.10098,0.18802,0.59679,0.01408,252.79,0.12772,0.0053695,0.37855,5.138
13,dense,0,1,7.6659,0.6774,0.17286,0.1016,0.17395,0.68138,0.014402,252.58,0.072165,0.005657,0.38184,4.974
13,fragmented,0,-1,8.9597,0.71518,0.1801,0.10313,0.14671,0.68965,0.015249,251.5,0.05459,0.0043252,0.40307,5.104
13,fragmented,0,-0.5,6.7949,0.60091,0.18667,0.10589,0.17572,0.62805,0.014661,251.89,0.066149,0.0045887,0.40663,5.247
13,fragmented,0,0.5,9.3904,0.69802,0.20821,0.10073,0.2404,0.4861,0.013991,251.85,0.10766,0.0061467,0.35038,5.221
13,fragmented,0,1,13.967,0.78758,0.20227,0.10653,0.31825,0.40752,0.012638,251.38,0.11322,0.0065042,0.37377,5.227
13,detailed,0,-1,9.2928,0.72617,0.21778,0.10741,0.24873,0.47799,0.014377,250.3,0.15245,0.0040353,0.36341,5.288
13,detailed,0,-0.5,7.2854,0.68825,0.20602,0.10256,0.22297,0.48651,0.013835,252.7,0.16639,0.0045451,0.37831,5.388
13,detailed,0,0.5,6.806,0.67675,0.2019,0.10283,0.18777,0.51092,0.014006,252.87,0.17176,0.0061718,0.36744,5.409
13,detailed,0,1,7.7989,0.71719,0.20475,0.10627,0.17266,0.50198,0.014386,252.18,0.17513,0.007228,0.36868,5.330
13,crisp,0,-1,5.8845,0.67376,0.20015,0.093861,0.21358,0.5041,0.013267,253.98,0.15447,0.0041525,0.34377,7.037
13,crisp,0,-0.5,3.2415,0.52682,0.19786,0.096146,0.20839,0.50204,0.013341,253.5,0.17063,0.0045662,0.3509,5.896
13,crisp,0,0.5,3.2766,0.48984,0.21,0.11157,0.20159,0.5011,0.014829,251.41,0.167,0.0060196,0.38642,4.867
13,crisp,0,1,5.7864,0.60231,0.21355,0.11763,0.19951,0.50117,0.015372,250.99,0.16444,0.0067889,0.39427,4.602
13,turbulent,0,-1,4.8396,0.57355,0.20537,0.10442,0.20295,0.49527,0.01403,252.27,0.16365,0.005334,0.37509,4.683
13,turbulent,0,-0.5,4.2173,0.5485,0.20548,0.10434,0.20334,0.49248,0.014,252.34,0.16621,0.0053371,0.37552,4.930
13,turbulent,0,0.5,8.1345,0.69248,0.20341,0.10463,0.20252,0.48033,0.013814,253.37,0.18125,0.0050969,0.37517,5.698
13,turbulent,0,1,16.918,0.78008,0.22754,0.12569,0.30519,0.36232,0.013419,252.02,0.15907,0.0065354,0.39775,6.494
13,bright,0,-1,12.116,0.92572,0.14143,0.083111,0.20406,0.50081,0.013142,254.49,0.067944,0.0037358,0.33508,5.184
13,bright,0,-0.5,6.9896,0.8998,0.16911,0.092775,0.20411,0.50088,0.013231,253.53,0.11317,0.0044445,0.35794,1.703
13,bright,0,0.5,9.2924,0.93814,0.24439,0.1186,0.20442,0.50152,0.015428,250.77,0.22733,0.0061937,0.38369,1.709
13,bright,0,1,21.242,0.9679,0.29326,0.13616,0.20456,0.50186,0.017496,249.13,0.284,0.0072403,0.38858,1.704
17,(default),,,0,0,0.16343,0.11338,0.16291,0.66609,0.012534,112.95,0.050293,0.0046189,0.3792,5.250
17,open,0,-1,13.367,0.76746,0.11203,0.099046,0.08372,0.78281,0.0103,117.46,0.048596,0.0037148,0.37151,5.340
17,open,0,-0.5,11.98,0.73454,0.12449,0.10247,0.078562,0.77023,0.010773,116,0.051506,0.0035492,0.36949,5.132
17,open,0,0.5,12.029,0.73227,0.2032,0.11921,0.27541,0.56225,0.014325,112.28,0.045205,0.0052084,0.36963,4.923
17,open,0,1,19.08,0.85258,0.24131,0.11448,0.44032,0.41733,0.015852,109.95,0.041341,0.0062431,0.35627,4.825
17,dense,0,-1,5.9934,0.54863,0.19001,0.11853,0.20093,0.51324,0.013905,108.88,0.04389,0.0041657,0.41613,5.443
17,dense,0,-0.5,2.639,0.37604,0.17437,0.1144,0.1807,0.59776,0.013203,110.93,0.049147,0.0043062,0.39104,5.098
17,dense,0,0.5,2.1237,0.33689,0.15679,0.11399,0.14883,0.71484,0.012183,114.94,0.049733,0.0051103,0.37525,5.027
17,dense,0,1,3.9329,0.45086,0.1533,0.11541,0.13696,0.74899,0.012046,116.52,0.048852,0.005876,0.37358,4.964
17,fragmented,0,-1,6.4616,0.47945,0.13821,0.10035,0.084518,0.80197,0.011329,117.76,0.045966,0.0037574,0.35112,5.228
17,fragmented,0,-0.5,6.3274,0.40889,0.15225,0.11543,0.11344,0.76058,0.012051,115.9,0.048953,0.0042925,0.39966,5.189
17,fragmented,0,0.5,8.4335,0.63301,0.18419,0.11053,0.24891,0.44834,0.013497,106.52,0.048241,0.0053232,0.35838,5.260
17,fragmented,0,1,12.111,0.7301,0.17802,0.12908,0.21879,0.41902,0.013725,105.46,0.042796,0.0055185,0.44461,5.473
17,detailed,0,-1,4.1822,0.51452,0.16591,0.11178,0.17824,0.6634,0.012638,113.4,0.049783,0.0034825,0.38426,5.190
17,detailed,0,-0.5,3.4169,0.46736,0.1644,0.1113,0.16852,0.65768,0.012583,112.56,0.051329,0.0040606,0.37727,5.258
17,detailed,0,0.5,3.5816,0.47423,0.16282,0.11424,0.14943,0.67857,0.012472,113.41,0.050087,0.005384,0.3765,5.227
17,detailed,0,1,4.6583,0.53277,0.16227,0.11395,0.13153,0.68615,0.012574,113.69,0.050189,0.0061318,0.36864,5.224
17,crisp,0,-1,3.5838,0.58756,0.1869,0.097808,0.1669,0.66929,0.013513,115.05,0.043381,0.003637,0.33922,7.536
17,crisp,0,-0.5,1.171,0.19871,0.16205,0.10941,0.1647,0.66729,0.01238,112.85,0.049968,0.0041293,0.3724,5.892
17,crisp,0,0.5,1.1521,0.19958,0.16739,0.11703,0.16147,0.66542,0.012853,113.41,0.049708,0.0052041,0.38438,4.574
17,crisp,0,1,2.3349,0.32944,0.17202,0.12012,0.16016,0.66503,0.013244,113.91,0.048447,0.0059255,0.38707,4.301
17,turbulent,0,-1,3.8598,0.46255,0.1608,0.11171,0.15433,0.67132,0.012544,113.27,0.050446,0.0045509,0.37572,4.337
17,turbulent,0,-0.5,3.0849,0.41545,0.16236,0.11205,0.15565,0.66905,0.012587,113.15,0.050158,0.0045586,0.37672,4.612
17,turbulent,0,0.5,4.8408,0.52598,0.15939,0.11313,0.17051,0.65129,0.012365,112.54,0.05192,0.0045693,0.37798,5.744
17,turbulent,0,1,8.0686,0.64393,0.16779,0.11481,0.20489,0.51715,0.012907,108.66,0.047018,0.0051375,0.37151,7.050
17,bright,0,-1,9.2602,0.69709,0.11319,0.079326,0.16216,0.6648,0.01022,118.9,0.037655,0.0031907,0.29354,5.019
17,bright,0,-0.5,5.3699,0.6488,0.13601,0.093631,0.16256,0.66535,0.01113,115.75,0.045051,0.00382,0.33607,1.139
17,bright,0,0.5,7.1392,0.69675,0.19666,0.13821,0.16315,0.66675,0.014518,110.68,0.053964,0.0055127,0.42016,1.138
17,bright,0,1,16.284,0.76463,0.23645,0.16718,0.16345,0.66713,0.01698,108.88,0.056261,0.0064878,0.45717,1.142
19,(default),,,0,0,0.22084,0.13596,0.091684,0.63909,0.047472,54.916,0.015478,0.0055701,0.47169,5.461
19,open,0,-1,18.439,0.9302,0.11993,0.09799,0.040803,0.82064,0.030848,46.048,0.029526,0.002319,0.46026,5.706
19,open,0,-0.5,14.264,0.89724,0.16392,0.12326,0.063196,0.71559,0.0373,51.318,0.025267,0.0033686,0.5051,5.621
19,open,0,0.5,16.788,0.90668,0.25497,0.131,0.14474,0.54541,0.054131,55.135,0.0094196,0.0060201,0.3842,5.349
19,open,0,1,20.103,0.93825,0.26337,0.13043,0.28838,0.35862,0.05198,56.295,0.0078603,0.0063075,0.37797,5.161
19,dense,0,-1,9.7355,0.87167,0.26335,0.13932,0.14752,0.36004,0.053246,57.17,0.0097595,0.0051924,0.42752,5.667
19,dense,0,-0.5,4.4795,0.70538,0.24032,0.13788,0.11289,0.49478,0.050134,55.986,0.012364,0.0053308,0.45029,5.583
19,dense,0,0.5,3.6601,0.58859,0.20572,0.13401,0.078484,0.71842,0.045495,54.049,0.017947,0.0059267,0.48752,5.341
19,dense,0,1,6.5943,0.72193,0.19464,0.13236,0.06922,0.78434,0.04421,53.226,0.01988,0.0064585,0.49708,5.241
19,fragmented,0,-1,7.5453,0.67793,0.21132,0.13455,0.049277,0.76807,0.046707,54.679,0.015834,0.0045439,0.50293,5.401
19,fragmented,0,-0.5,5.8316,0.61676,0.21589,0.13328,0.059043,0.71487,0.047197,54.934,0.014779,0.0049373,0.48813,5.437
19,fragmented,0,0.5,8.6538,0.72499,0.22813,0.13346,0.12497,0.54074,0.046999,55.819,0.013071,0.0061944,0.46092,5.513
19,fragmented,0,1,13.117,0.84203,0.24281,0.13183,0.21377,0.4685,0.048334,56.349,0.011146,0.0073313,0.43061,5.505
19,detailed,0,-1,9.7745,0.83105,0.24372,0.14797,0.12081,0.59383,0.050437,56.576,0.014523,0.0035268,0.49633,5.535
19,detailed,0,-0.5,8.3928,0.79214,0.23501,0.14313,0.10816,0.61793,0.049533,55.844,0.014805,0.0042438,0.48614,5.598
19,detailed,0,0.5,7.061,0.73548,0.21817,0.14056,0.080792,0.64384,0.047181,54.506,0.017968,0.0066572,0.48654,5.621
19,detailed,0,1,8.4278,0.78591,0.21527,0.13756,0.072464,0.64451,0.046705,54.424,0.017938,0.0076929,0.48477,5.573
19,crisp,0,-1,5.773,0.74661,0.20531,0.11733,0.09469,0.64197,0.044478,54.569,0.013548,0.0036233,0.42051,8.014
19,crisp,0,-0.5,2.9845,0.59501,0.2217,0.12824,0.092896,0.63968,0.047391,55.598,0.012598,0.0046381,0.44706,6.308
19,crisp,0,0.5,2.7122,0.63311,0.21628,0.14317,0.090209,0.63857,0.046902,54.005,0.019072,0.0064789,0.49523,5.025
19,crisp,0,1,4.8672,0.76531,0.21137,0.14954,0.08929,0.63817,0.046061,53.347,0.021395,0.0074901,0.51445,4.762
19,turbulent,0,-1,4.7691,0.59921,0.2224,0.13695,0.090944,0.63755,0.047727,54.983,0.015628,0.0056046,0.47257,4.817
19,turbulent,0,-0.5,4.0944,0.56826,0.22166,0.13682,0.090125,0.63825,0.047628,54.948,0.01583,0.0055633,0.47357,5.098
19,turbulent,0,0.5,7.3737,0.7183,0.22196,0.13724,0.094316,0.64217,0.047856,55.028,0.015273,0.0056432,0.46832,6.165
19,turbulent,0,1,12.784,0.856,0.22793,0.13748,0.11759,0.50479,0.047596,55.142,0.016277,0.0059717,0.46132,7.393
19,bright,0,-1,11.052,0.93333,0.16162,0.10029,0.09138,0.63866,0.038803,51.446,0.022269,0.0038662,0.41778,5.461
19,bright,0,-0.5,6.2656,0.85058,0.18845,0.11705,0.091578,0.63884,0.042672,53.472,0.01835,0.0046735,0.44781,1.660
19,bright,0,0.5,7.9561,0.91597,0.25925,0.15633,0.091757,0.63913,0.053207,56.119,0.013929,0.0065037,0.4881,1.659
19,bright,0,1,17.734,0.9683,0.30391,0.17719,0.091804,0.63927,0.05964,57.42,0.014151,0.0074069,0.49699,1.659
1,luminous,0,-1,7.8812,0.57112,0.1741,0.12157,0.28644,0.51089,0.011229,117.93,0.074035,0.004982,0.43612,5.155
1,luminous,0,-0.5,4.6517,0.53028,0.19196,0.12514,0.2865,0.51078,0.01183,120.27,0.078831,0.0055777,0.43066,4.940
1,luminous,0,0.5,5.5999,0.5745,0.24176,0.13907,0.286,0.51048,0.01454,126.38,0.082579,0.0067085,0.41119,4.979
1,luminous,0,1,13.778,0.67879,0.27839,0.15131,0.28468,0.51053,0.017026,128.95,0.074833,0.0069555,0.39296,5.109
1,hazy,0,-1,4.4626,0.87535,0.17871,0.149,0.28705,0.51135,0.011614,117.22,0.11036,0.008291,0.47316,4.960
1,hazy,0,-0.5,3.0416,0.78919,0.19217,0.14291,0.28693,0.51109,0.012338,119.41,0.094537,0.0074812,0.45633,1.154
1,hazy,0,0.5,8.2187,0.97746,0.26007,0.11624,0.28635,0.51002,0.014677,129.83,0.074562,0.0051224,0.36805,1.161
1,hazy,0,1,24.459,0.99896,0.33213,0.10351,0.28573,0.50953,0.019976,137.54,0.070828,0.0038525,0.2906,1.151
1,vivid,0,-1,2.3332,0.72345,0.21547,0.13354,0.2866,0.51062,0.0024295,68.62,0.0085367,0.0064978,0.42736,1.150
1,vivid,0,-0.5,1.1168,0.33277,0.21505,0.13321,0.2866,0.51062,0.0078236,116.52,0.095961,0.0064701,0.4273,1.153
1,vivid,0,0.5,1.2584,0.334,0.21464,0.13235,0.2866,0.51062,0.017774,130.6,0.052426,0.0064062,0.42717,1.165
1,vivid,0,1,2.6135,0.6571,0.21448,0.13184,0.2866,0.51062,0.023036,134.58,0.037255,0.0063813,0.4271,1.152
1,starry,0,-1,0.93025,0.11456,0.21192,0.13127,0.2866,0.51062,0.012907,123.31,0.087532,0.0053152,0.4282,0.852
1,starry,0,-0.5,0.8916,0.10421,0.21291,0.1319,0.2866,0.51062,0.012936,123.34,0.086641,0.00571,0.42895,0.938
1,starry,0,0.5,1.5911,0.17192,0.21868,0.13577,0.2866,0.51062,0.013071,123.66,0.081764,0.0077058,0.43076,1.649
1,starry,0,1,2.8486,0.26287,0.22453,0.14062,0.2866,0.51062,0.013201,123.92,0.076883,0.0091359,0.43875,3.043
3,luminous,0,-1,5.2165,0.52427,0.15987,0.1086,0.25387,0.35567,0.014236,169.44,0.075844,0.0047633,0.43078,5.173
3,luminous,0,-0.5,3.1654,0.44038,0.17218,0.11249,0.25434,0.35549,0.015521,172.56,0.067638,0.0051254,0.44113,5.122
3,luminous,0,0.5,3.4942,0.47668,0.20654,0.12823,0.2544,0.35526,0.019672,178.82,0.04339,0.0062297,0.4479,5.221
3,luminous,0,1,8.9695,0.69867,0.23285,0.14121,0.25314,0.3554,0.023052,181.31,0.030975,0.0066837,0.44372,5.265
3,hazy,0,-1,4.3716,0.88442,0.1509,0.13303,0.25521,0.35596,0.013377,164.12,0.12708,0.0073576,0.50464,5.132
3,hazy,0,-0.5,2.9723,0.84658,0.1648,0.12837,0.25505,0.35567,0.014802,169.22,0.092634,0.006713,0.48376,1.332
3,hazy,0,0.5,8.0507,0.98665,0.23781,0.10505,0.25444,0.35479,0.023554,182.96,0.025193,0.0045561,0.38001,1.339
3,hazy,0,1,24.069,0.99892,0.31365,0.097363,0.25362,0.35411,0.034681,187.09,0.01064,0.0034566,0.29914,1.335
3,vivid,0,-1,4.1571,0.87562,0.18878,0.12201,0.25489,0.35531,0.0032431,66.037,0.010584,0.0058913,0.44869,1.335
3,vivid,0,-0.5,1.8787,0.615,0.18829,0.12094,0.25489,0.35531,0.010311,169.71,0.089816,0.0058294,0.44859,1.336
3,vivid,0,0.5,2.6965,0.70621,0.19102,0.11821,0.25489,0.35531,0.02466,181.88,0.020551,0.0057003,0.44849,1.334
3,vivid,0,1,4.507,0.74264,0.19393,0.11679,0.25489,0.35531,0.029006,184,0.013587,0.0056109,0.44844,1.334
3,starry,0,-1,1.2649,0.12687,0.18479,0.11586,0.25489,0.35531,0.017335,176.42,0.057641,0.00388,0.43385,0.987
3,starry,0,-0.5,1.1227,0.11035,0.18623,0.11702,0.25489,0.35531,0.017367,176.26,0.057384,0.0045483,0.43923,1.095
3,starry,0,0.5,2.1042,0.19593,0.19396,0.12398,0.25489,0.35531,0.017575,175.51,0.057263,0.0074805,0.45998,1.898
3,starry,0,1,3.9696,0.3328,0.20208,0.13216,0.25489,0.35531,0.017787,174.85,0.057455,0.0099074,0.48703,3.132
5,luminous,0,-1,8.6458,0.80741,0.20735,0.11152,0.11205,0.56774,0.060005,40.086,0.024587,0.0040256,0.44597,5.465
5,luminous,0,-0.5,5.009,0.75612,0.22808,0.12028,0.11221,0.56775,0.064147,41.744,0.028374,0.0046536,0.44455,5.435
5,luminous,0,0.5,5.7528,0.74963,0.28288,0.1484,0.11212,0.56752,0.073309,45.987,0.040798,0.0055974,0.4576,5.573
5,luminous,0,1,14.014,0.83791,0.32053,0.16917,0.11159,0.56788,0.076963,48.806,0.049003,0.0055977,0.47623,5.602
5,hazy,0,-1,4.4522,0.98314,0.22198,0.14755,0.11253,0.56801,0.059407,43.405,0.035865,0.0063911,0.49099,5.417
5,hazy,0,-0.5,2.9098,0.94239,0.23462,0.14099,0.11249,0.56782,0.063529,43.22,0.035262,0.0059725,0.47496,1.752
5,hazy,0,0.5,7.0335,0.99544,0.29758,0.1188,0.11223,0.5673,0.079556,45.852,0.034275,0.0046091,0.38894,1.759
5,hazy,0,1,20.178,0.99906,0.36836,0.10305,0.11189,0.56697,0.097256,48.361,0.0404,0.0035279,0.30803,1.757
5,vivid,0,-1,20.435,0.99999,0.23218,0.1398,0.11236,0.56765,0.0022401,66.849,0.0078457,0.0058074,0.44709,1.756
5,vivid,0,-0.5,8.9622,0.99971,0.24037,0.13639,0.11236,0.56765,0.042859,55.501,0.036138,0.0056115,0.44708,1.751
5,vivid,0,0.5,7.3269,0.99973,0.27398,0.12756,0.11236,0.56765,0.09064,35.446,0.023826,0.0052402,0.447,1.754
5,vivid,0,1,12.495,1,0.29317,0.12162,0.11236,0.56765,0.10464,32.903,0.015443,0.0049833,0.44696,1.755
5,starry,0,-1,0.61857,0.083929,0.25275,0.13156,0.11236,0.56765,0.069132,43.545,0.033993,0.0046753,0.44677,1.377
5,starry,0,-0.5,0.62188,0.079719,0.25345,0.13196,0.11236,0.56765,0.069137,43.61,0.033996,0.0049696,0.44739,1.462
5,starry,0,0.5,0.97642,0.12254,0.25708,0.13423,0.11236,0.56765,0.069178,43.917,0.034112,0.0061625,0.45041,2.535
5,starry,0,1,1.7621,0.19703,0.26065,0.13677,0.11236,0.56765,0.06924,44.212,0.034305,0.0069984,0.45193,3.925
7,luminous,0,-1,8.1333,0.58295,0.15619,0.101,0.16402,0.63717,0.0068249,214.33,0.44756,0.0047951,0.35901,4.819
7,luminous,0,-0.5,4.7858,0.53241,0.17317,0.10807,0.16403,0.63721,0.0075108,217,0.3879,0.0052888,0.37271,4.826
7,luminous,0,0.5,6.3787,0.55548,0.22268,0.13829,0.16381,0.63717,0.010711,220.6,0.23804,0.0061073,0.4199,4.945
7,luminous,0,1,18.148,0.65872,0.27097,0.16973,0.16255,0.63743,0.014154,220.4,0.17155,0.0057627,0.44866,5.076
7,hazy,0,-1,4.635,0.86095,0.16027,0.13227,0.16418,0.63739,0.0078877,209.13,0.54559,0.0072764,0.44254,4.843
7,hazy,0,-0.5,3.1734,0.80766,0.17119,0.12968,0.16418,0.63733,0.008119,213.33,0.47095,0.006786,0.4242,1.245
7,hazy,0,0.5,9.071,0.99198,0.24629,0.099191,0.16405,0.63694,0.0101,222.47,0.12012,0.0049807,0.33464,1.250
7,hazy,0,1,27.013,0.99866,0.32118,0.089673,0.1639,0.63667,0.016036,224.83,0.023078,0.0039299,0.26704,1.248
7,vivid,0,-1,2.3538,0.52151,0.19531,0.12096,0.16416,0.63721,0.0021811,65.291,0.017271,0.0060888,0.3937,1.249
7,vivid,0,-0.5,1.1495,0.27976,0.1952,0.12043,0.16416,0.63721,0.005036,207.84,0.52428,0.0060392,0.39356,1.249
7,vivid,0,0.5,1.5876,0.42162,0.19584,0.11872,0.16416,0.63721,0.012378,225.39,0.090902,0.0059801,0.39327,1.248
7,vivid,0,1,3.285,0.77588,0.19647,0.11776,0.16416,0.63721,0.017088,227.88,0.029575,0.0059597,0.39309,1.249
7,starry,0,-1,1.1499,0.10715,0.19176,0.1165,0.16416,0.63721,0.0088321,219.5,0.34537,0.0043825,0.38701,0.958
7,starry,0,-0.5,1.1462,0.10294,0.19312,0.11754,0.16416,0.63721,0.008814,219.46,0.33361,0.0050066,0.3896,1.036
7,starry,0,0.5,1.6865,0.14711,0.19839,0.12185,0.16416,0.63721,0.0087804,219.5,0.28965,0.0070585,0.40276,1.740
7,starry,0,1,3.1358,0.22114,0.20388,0.12716,0.16416,0.63721,0.0088055,219.24,0.25546,0.0088064,0.41449,2.973
11,luminous,0,-1,9.877,0.69981,0.14508,0.11836,0.039141,0.7958,0.014827,112.85,0.0239,0.0034881,0.4567,4.990
11,luminous,0,-0.5,5.7286,0.62397,0.16848,0.1318,0.039242,0.79569,0.016306,113.5,0.018118,0.0038746,0.47742,5.025
11,luminous,0,0.5,4.6151,0.58145,0.21856,0.1638,0.039629,0.79549,0.019455,114.38,0.012005,0.0050849,0.49692,5.047
11,luminous,0,1,10.879,0.73661,0.247,0.17896,0.039597,0.79563,0.021322,114.65,0.010072,0.0056181,0.4939,5.009
11,hazy,0,-1,4.0358,0.81676,0.15426,0.16664,0.039709,0.79572,0.014052,112,0.029186,0.0057042,0.55045,4.959
11,hazy,0,-0.5,2.8438,0.7474,0.16744,0.16273,0.039651,0.79566,0.015657,113.2,0.0231,0.0053955,0.52885,1.380
11,hazy,0,0.5,8.4077,0.98677,0.25155,0.12725,0.039298,0.7955,0.020639,115.1,0.0070853,0.003535,0.41924,1.385
11,hazy,0,1,24.89,0.99818,0.3273,0.11292,0.038885,0.79512,0.028391,116.52,0.0037076,0.0027668,0.32487,1.377
11,vivid,0,-1,3.0779,0.83061,0.19754,0.15099,0.039492,0.79557,0.0011707,61.05,0.020098,0.00457,0.49252,1.384
11,vivid,0,-0.5,1.509,0.52458,0.19715,0.15055,0.039492,0.79557,0.0097912,111.15,0.021531,0.0045505,0.49237,1.383
11,vivid,0,0.5,1.5239,0.48475,0.19698,0.14962,0.039485,0.79557,0.025631,116.32,0.0077373,0.0045203,0.4921,1.383
11,vivid,0,1,3.0623,0.71107,0.19713,0.14921,0.039492,0.79557,0.032426,117.71,0.0054578,0.0045104,0.49196,1.383
11,starry,0,-1,0.36541,0.030281,0.19602,0.14942,0.039492,0.79557,0.018019,114.14,0.014071,0.0041508,0.49188,1.126
11,starry,0,-0.5,0.32561,0.026351,0.19627,0.14951,0.039492,0.79557,0.018027,114.12,0.014061,0.0042456,0.49233,1.209
11,starry,0,0.5,0.68371,0.052734,0.19834,0.15124,0.039492,0.79557,0.018088,113.98,0.013936,0.0050114,0.49955,1.861
11,starry,0,1,1.1298,0.094748,0.20021,0.15293,0.039492,0.79557,0.018156,113.86,0.013809,0.0056442,0.50215,2.951
13,luminous,0,-1,8.7958,0.68472,0.16286,0.086887,0.20375,0.50136,0.011096,257.72,0.22971,0.0040601,0.3627,5.167
13,luminous,0,-0.5,5.2422,0.61883,0.18019,0.092733,0.20409,0.50126,0.012057,255.24,0.20471,0.0045352,0.36596,5.221
13,luminous,0,0.5,5.7582,0.67384,0.22809,0.11508,0.2037,0.50134,0.016218,249.68,0.14451,0.0055877,0.37757,5.334
13,luminous,0,1,16.092,0.79975,0.2703,0.1327,0.20199,0.50173,0.020381,246.09,0.1179,0.0056005,0.37142,5.388
13,hazy,0,-1,5.367,0.94988,0.16655,0.11965,0.20455,0.50157,0.012051,254.08,0.34762,0.0066112,0.42109,5.163
13,hazy,0,-0.5,3.6037,0.92396,0.17981,0.11433,0.20446,0.5015,0.012582,253.75,0.25436,0.0061174,0.40354,1.695
13,hazy,0,0.5,9.2978,0.99308,0.2478,0.09273,0.20405,0.50086,0.017408,250.51,0.096165,0.0042518,0.31844,1.704
13,hazy,0,1,27.461,0.99843,0.32144,0.087168,0.20368,0.50047,0.02605,248.14,0.054665,0.0032686,0.25679,1.698
13,vivid,0,-1,3.786,0.88084,0.20299,0.10481,0.20431,0.50111,0.002805,65.593,0.013598,0.0053612,0.37442,1.698
13,vivid,0,-0.5,1.8248,0.58165,0.20299,0.10443,0.20431,0.50111,0.0072196,253.29,0.32958,0.0053017,0.37439,1.697
13,vivid,0,0.5,2.4509,0.86902,0.20431,0.10314,0.20431,0.5011,0.022037,252.07,0.060052,0.0052045,0.37382,1.698
13,vivid,0,1,5.0379,0.98673,0.20554,0.10263,0.20431,0.50111,0.031033,252.38,0.033782,0.0051807,0.37348,1.695
13,starry,0,-1,1.0209,0.092958,0.20036,0.10143,0.20431,0.50111,0.014006,252.57,0.18039,0.0039049,0.35933,1.284
13,starry,0,-0.5,0.91815,0.081671,0.20137,0.10188,0.20431,0.50111,0.013995,252.51,0.17743,0.0043573,0.35969,1.415
13,starry,0,0.5,1.407,0.12868,0.20578,0.10516,0.20431,0.50111,0.013966,252.35,0.16196,0.0060598,0.3733,2.312
13,starry,0,1,2.4568,0.21034,0.20954,0.10809,0.20431,0.50111,0.013951,252.25,0.14914,0.0072039,0.3852,3.798
17,luminous,0,-1,5.6067,0.5054,0.12527,0.11163,0.16233,0.66674,0.011392,110,0.063368,0.0036752,0.44036,5.223
17,luminous,0,-0.5,3.6241,0.4629,0.14168,0.11001,0.16242,0.66655,0.011817,111.19,0.056749,0.0039724,0.41344,5.200
17,luminous,0,0.5,4.1347,0.57518,0.1854,0.11974,0.1618,0.66595,0.013794,115.03,0.043071,0.0051183,0.3566,5.309
17,luminous,0,1,10.568,0.69474,0.21692,0.13126,0.15956,0.66603,0.016173,117.56,0.032891,0.0056783,0.33695,5.361
17,hazy,0,-1,3.7333,0.76602,0.1243,0.12568,0.16343,0.66681,0.0095598,105.32,0.075786,0.0061431,0.44473,5.201
17,hazy,0,-0.5,2.6524,0.69649,0.13512,0.12401,0.16316,0.66664,0.010308,107.66,0.066489,0.0056458,0.41947,1.142
17,hazy,0,0.5,8.6244,0.98338,0.22195,0.089507,0.16216,0.66526,0.01473,117.25,0.030766,0.0032645,0.30964,1.141
17,hazy,0,1,25.914,0.9999,0.30174,0.081113,0.16114,0.66428,0.021427,121.73,0.014689,0.002462,0.24227,1.141
17,vivid,0,-1,1.7649,0.74635,0.16363,0.11399,0.16291,0.66609,0.0023842,66.073,0.013135,0.0046934,0.3792,1.141
17,vivid,0,-0.5,0.82662,0.3121,0.1634,0.11372,0.16291,0.66609,0.0077401,106.84,0.059207,0.0046454,0.3792,1.140
17,vivid,0,0.5,0.89244,0.26844,0.16342,0.11288,0.16291,0.66609,0.016889,119.24,0.027274,0.0045967,0.37919,1.141
17,vivid,0,1,1.8475,0.65328,0.16352,0.1123,0.16291,0.66609,0.021452,122.9,0.015565,0.0045771,0.37919,1.143
17,starry,0,-1,0.9302,0.09295,0.16062,0.10978,0.16291,0.66609,0.012468,112.74,0.052476,0.0034794,0.36714,0.858
17,starry,0,-0.5,0.85918,0.082537,0.1616,0.11114,0.16291,0.66609,0.012488,112.81,0.051786,0.0039018,0.37517,0.945
17,starry,0,0.5,1.3393,0.1308,0.16645,0.11745,0.16291,0.66609,0.012603,113.1,0.048512,0.0056152,0.39003,1.598
17,starry,0,1,2.7299,0.20691,0.17186,0.12562,0.16291,0.66609,0.012719,113.38,0.045833,0.0072402,0.43029,2.927
19,luminous,0,-1,8.1807,0.82437,0.17543,0.11374,0.091255,0.63928,0.039038,52.608,0.022282,0.0041038,0.46186,5.599
19,luminous,0,-0.5,4.7657,0.72026,0.19518,0.12309,0.091465,0.63904,0.042523,53.932,0.018625,0.0047251,0.46681,5.624
19,luminous,0,0.5,4.8843,0.72174,0.24697,0.14456,0.091394,0.63889,0.052839,55.589,0.012744,0.0059529,0.46228,5.723
19,luminous,0,1,13.196,0.91107,0.28992,0.1558,0.090501,0.63874,0.062424,56.106,0.011087,0.0060507,0.43333,5.779
19,hazy,0,-1,4.3104,0.98256,0.18201,0.15338,0.091891,0.6392,0.039473,53.476,0.023326,0.0068902,0.52172,5.620
19,hazy,0,-0.5,2.9192,0.96208,0.19681,0.14629,0.091755,0.6392,0.043202,53.159,0.022776,0.006321,0.5033,1.659
19,hazy,0,0.5,7.6865,0.99752,0.26696,0.12243,0.091341,0.63873,0.056108,56.112,0.0068959,0.0045838,0.40794,1.659
19,hazy,0,1,22.451,0.99975,0.34358,0.109,0.090836,0.63822,0.076875,54.316,0.0057927,0.0034415,0.32441,1.655
19,vivid,0,-1,13.893,0.98953,0.20976,0.13966,0.091684,0.63909,0.0020041,64.393,0.014583,0.0058785,0.47217,1.656
19,vivid,0,-0.5,6.6996,0.98658,0.21455,0.13724,0.091684,0.63909,0.02798,60.548,0.014428,0.0056328,0.47196,1.658
19,vivid,0,0.5,4.9593,0.99696,0.22873,0.13501,0.091684,0.6391,0.062781,44.786,0.013483,0.0055487,0.47133,1.651
19,vivid,0,1,9.5949,0.99959,0.23803,0.134,0.091684,0.6391,0.077671,36.94,0.010206,0.005539,0.4703,1.655
19,starry,0,-1,0.61874,0.074239,0.21884,0.13416,0.091684,0.63909,0.047271,54.792,0.015457,0.004864,0.46775,1.209
19,starry,0,-0.5,0.54799,0.065329,0.21936,0.13442,0.091684,0.63909,0.047329,54.819,0.015455,0.0050241,0.46739,1.346
19,starry,0,0.5,0.91221,0.10678,0.22262,0.13742,0.091684,0.63909,0.047641,55.032,0.01546,0.0060934,0.47304,2.352
19,starry,0,1,1.7017,0.17689,0.22613,0.14067,0.091684,0.63909,0.047984,55.248,0.015486,0.0070832,0.48327,3.791
1,billowing,0,-1,14.026,0.80867,0.22243,0.12769,0.12939,0.6113,0.013259,128.41,0.090149,0.0056487,0.41241,5.388
1,billowing,0,-0.5,9.9385,0.66581,0.22099,0.13187,0.23073,0.54667,0.013135,125.23,0.088688,0.0063052,0.41755,5.151
1,billowing,0,0.5,7.8453,0.57702,0.2086,0.13308,0.32666,0.49023,0.012664,122.22,0.078432,0.0066595,0.44031,4.827
1,billowing,0,1,10.675,0.64111,0.20206,0.13079,0.35253,0.45941,0.012349,121.07,0.071948,0.0067131,0.43685,4.701
3,billowing,0,-1,9.5979,0.804,0.17738,0.11504,0.072384,0.51854,0.018129,179.91,0.049279,0.0045172,0.43742,5.606
3,billowing,0,-0.5,6.7915,0.67623,0.18269,0.11699,0.15155,0.45506,0.018096,178.77,0.050983,0.0051346,0.44224,5.369
3,billowing,0,0.5,5.8115,0.60322,0.19564,0.12141,0.36381,0.28147,0.016911,173.69,0.062322,0.0061471,0.45664,4.998
3,billowing,0,1,8.6308,0.68682,0.20113,0.12272,0.42908,0.24272,0.016642,172.61,0.066099,0.0061002,0.4668,4.876
5,billowing,0,-1,14.262,0.88875,0.23328,0.12458,0.042847,0.54328,0.06604,41.841,0.028351,0.0045872,0.47855,5.822
5,billowing,0,-0.5,9.3071,0.80002,0.2526,0.1312,0.10734,0.54812,0.068569,43.658,0.033928,0.0057163,0.44909,5.563
5,billowing,0,0.5,8.2569,0.76738,0.2508,0.13005,0.095671,0.58308,0.069051,43.627,0.034641,0.0054419,0.43995,5.365
5,billowing,0,1,13.147,0.85528,0.24289,0.12745,0.081321,0.58999,0.067871,43.669,0.035353,0.0053543,0.43998,5.317
7,billowing,0,-1,12.776,0.78433,0.19165,0.11669,0.079008,0.57062,0.0079613,215.95,0.37684,0.0056439,0.3712,5.341
7,billowing,0,-0.5,9.1834,0.68235,0.19917,0.11784,0.15385,0.59238,0.0083142,216.98,0.34249,0.0059873,0.38069,5.085
7,billowing,0,0.5,8.0665,0.62538,0.19596,0.12101,0.18549,0.65026,0.009137,220.76,0.285,0.0063376,0.39379,4.762
7,billowing,0,1,12.355,0.72083,0.20004,0.12042,0.19287,0.64907,0.0094063,221.57,0.24767,0.0063327,0.3922,4.654
11,billowing,0,-1,13.1,0.70584,0.15686,0.14086,0.020754,0.84904,0.015283,113.65,0.026426,0.0036365,0.55408,5.501
11,billowing,0,-0.5,9.3158,0.61387,0.18756,0.1509,0.042366,0.79813,0.017249,113.69,0.017787,0.0042391,0.51245,5.264
11,billowing,0,0.5,7.2107,0.58132,0.20344,0.15292,0.048777,0.80041,0.018415,114.57,0.011919,0.0048354,0.49268,4.954
11,billowing,0,1,11.265,0.67718,0.20779,0.15419,0.056236,0.79979,0.018682,114.73,0.012376,0.0048569,0.4907,5.166
13,billowing,0,-1,14.354,0.85787,0.21395,0.11024,0.096085,0.50221,0.015126,253.16,0.1533,0.0059312,0.3751,5.582
13,billowing,0,-0.5,9.3997,0.74675,0.21245,0.10458,0.16266,0.48753,0.014661,253.22,0.15753,0.0057546,0.35421,5.386
13,billowing,0,0.5,8.3497,0.69909,0.20131,0.10392,0.22324,0.50493,0.013763,251.5,0.15863,0.0049857,0.38905,5.154
13,billowing,0,1,12.134,0.78171,0.19815,0.10357,0.22204,0.52168,0.013618,251.36,0.13487,0.0045832,0.41075,5.149
17,billowing,0,-1,8.9668,0.68411,0.15091,0.11112,0.099242,0.73905,0.012065,113.86,0.055391,0.0038757,0.37607,5.586
17,billowing,0,-0.5,6.4192,0.58686,0.15902,0.11461,0.12311,0.70911,0.012418,113.82,0.051628,0.004284,0.38401,5.399
17,billowing,0,0.5,5.3271,0.52117,0.16594,0.11742,0.21317,0.63144,0.012521,112.45,0.050164,0.0049864,0.38821,5.150
17,billowing,0,1,7.7343,0.61674,0.16759,0.11871,0.24834,0.59575,0.012552,111.49,0.049858,0.0053773,0.39964,5.012
19,billowing,0,-1,14.157,0.87966,0.21665,0.12582,0.039049,0.66333,0.047314,55.018,0.013402,0.004543,0.46299,6.105
19,billowing,0,-0.5,10.994,0.82797,0.23008,0.13432,0.076023,0.65915,0.049642,55.269,0.012537,0.0057235,0.45908,5.876
19,billowing,0,0.5,9.1243,0.77645,0.21278,0.1363,0.10135,0.6265,0.045816,54.133,0.018214,0.0051632,0.48572,5.527
19,billowing,0,1,13.728,0.90068,0.18998,0.13557,0.092602,0.64726,0.041793,52.661,0.022635,0.0046584,0.49945,5.478
