trajectory,step,seed,dial,from,to,change,changed_share,brightness,contrast,clear,opaque,chroma,hue,hue_spread,detail,bright_share,seconds
0,0,84363,(start),,,0,0,0.23811,0.14435,0.6297,0.058314,0.019987,90.343,0.08237,0.0010993,0.29671,3.535
0,1,84363,cloud-width,0.0174614,0.044,0,0,0.23811,0.14435,0.6297,0.058314,0.019987,90.343,0.08237,0.0010993,0.29671,2.686
0,2,84363,mass-cluster-size,0.075,0.188988,0.4386,0.097451,0.23965,0.14081,0.62974,0.058318,0.02019,89.515,0.074432,0.0010532,0.29272,3.127
0,3,84363,grade-stars,0.35,0.683333,0.015504,0.0016843,0.23965,0.1408,0.62974,0.058318,0.020251,89.609,0.074033,0.0010523,0.29272,1.046
0,4,84363,mass-clusters,1,1,0,0,0.23965,0.1408,0.62974,0.058318,0.020251,89.609,0.074033,0.0010523,0.29272,1.054
0,5,84363,distant-count,1,4,0.0023519,0.00019517,0.23966,0.1408,0.62974,0.058318,0.020253,89.608,0.074038,0.0010526,0.29271,3.769
0,6,84363,mass-lobes,0.333333,0.6,0.73082,0.14099,0.24109,0.14127,0.62016,0.062709,0.020266,89.511,0.072077,0.0010607,0.29195,3.548
0,7,84363,shoulder,0.63496,1.6,0,0,0.24109,0.14127,0.62016,0.062709,0.020266,89.511,0.072077,0.0010607,0.29195,1.166
0,8,84363,detail-scale,3.9685,10,1.498,0.28136,0.24119,0.14005,0.60434,0.060273,0.020641,89.469,0.075259,0.0011496,0.29373,3.571
0,9,84363,star-halo-deg,0.31748,0.8,0,0,0.24119,0.14005,0.60434,0.060273,0.020641,89.469,0.075259,0.0011496,0.29373,1.193
0,10,84363,star-reach,0.75,1.88988,0.22881,0.023005,0.24119,0.14043,0.60434,0.060273,0.020629,89.483,0.07508,0.0011558,0.29429,1.194
0,11,84363,haze,0.002,0.00503968,3.2267,0.95677,0.26921,0.12185,0.60431,0.060269,0.025953,102.73,0.054146,0.00089493,0.2782,1.185
0,12,84363,clusters,2,2,0,0,0.26921,0.12185,0.60431,0.060269,0.025953,102.73,0.054146,0.00089493,0.2782,1.194
0,13,84363,galaxy-radius,1.5,4.16667,25.346,0.75372,0.14931,0.09117,0.60436,0.060269,0.026077,118.96,0.04764,0.0018793,0.39183,1.196
0,14,84363,galaxy-height,-0.803333,2.53,8.8349,0.73039,0.13832,0.097789,0.6043,0.060269,0.024292,121.09,0.053705,0.00088072,0.41104,1.433
0,15,84363,galaxy-warp,0.75,2.25,0.039088,0.0011317,0.13833,0.097764,0.60429,0.060269,0.024297,121.09,0.053652,0.00087969,0.41113,1.446
0,16,84363,mass-dust,0,0.166667,0.567,0.099596,0.13459,0.095074,0.5915,0.06933,0.023828,121.1,0.052707,0.00088194,0.40045,3.822
0,17,84363,thickness,0.047622,0.12,0.034244,0.0019663,0.13464,0.095121,0.5911,0.069766,0.023834,121.11,0.052727,0.00088762,0.40061,3.836
0,18,84363,galaxy-waves,0.75,2.25,0.090339,0.0070624,0.13465,0.095094,0.59109,0.069766,0.023814,121.13,0.052582,0.00089944,0.40088,1.058
0,19,84363,galaxy-dust,0.5,1.25992,0.15929,0.024195,0.13402,0.093833,0.59108,0.069766,0.023882,121.05,0.052819,0.00091709,0.39529,1.059
0,20,84363,rim-shadow,1.5,3.5,0.00062758,0,0.13401,0.093832,0.59109,0.069766,0.023882,121.05,0.052813,0.00091695,0.39529,1.056
0,21,84363,hole-scale,0.65,1.6379,4.3791,0.46973,0.12352,0.08469,0.32843,0.097892,0.023558,120.45,0.056906,0.00083596,0.32859,4.062
0,22,84363,cavity-spread,1,2.2611,0,0,0.12352,0.08469,0.32843,0.097892,0.023558,120.45,0.056906,0.00083596,0.32859,1.139
0,23,84363,dust-scale,2,5.03968,1.2176,0.18735,0.12298,0.08677,0.32587,0.10371,0.023566,120.48,0.056892,0.00085383,0.34824,5.639
0,24,84363,pillars,8,23,0,0,0.12298,0.08677,0.32587,0.10371,0.023566,120.48,0.056892,0.00085383,0.34824,5.588
0,25,84363,grade-strength,0.75,0.916667,1.0789,0.27444,0.12289,0.086401,0.32587,0.10371,0.026038,130.32,0.05231,0.00086584,0.34825,1.145
0,26,84363,mass-inner,0.675,0.95,4.4732,0.45506,0.12688,0.085574,0.72247,0.018111,0.025748,129.88,0.033222,0.0012333,0.34974,5.426
0,27,84363,fold,0,0.286667,0.018959,0.00025461,0.12679,0.085514,0.72249,0.018112,0.025739,129.88,0.03316,0.0012337,0.34955,6.234
0,28,84363,anisotropy,0.05,0.616667,0.13202,0.0152,0.12586,0.085132,0.72242,0.018112,0.025592,129.77,0.032964,0.0012413,0.34865,0.944
0,29,84363,palette-family,auto,teal,3.5771,0.75501,0.1288,0.083358,0.72241,0.018112,0.017656,180.21,0.10264,0.0011722,0.34863,0.945
0,30,84363,star-brightness,0.275,0.692957,0.21463,0.037455,0.13047,0.083552,0.72241,0.018112,0.017734,179.92,0.10093,0.001679,0.34762,0.945
0,31,84363,pillar-length,0.23811,0.6,0,0,0.13047,0.083552,0.72241,0.018112,0.017734,179.92,0.10093,0.001679,0.34762,6.306
0,32,84363,detail-gain,0.491667,0.725,0.12522,0.014235,0.1303,0.083543,0.72505,0.018227,0.017709,179.86,0.10107,0.0016663,0.34779,6.253
0,33,84363,cluster-size,0.01,0.04,0,0,0.1303,0.083543,0.72505,0.018227,0.017709,179.86,0.10107,0.0016663,0.34779,0.951
0,34,84363,mass-edge-patch,0.0833333,0.25,0.015964,0.00073785,0.1303,0.083545,0.725,0.01825,0.01771,179.86,0.10104,0.0016676,0.34778,6.268
0,35,84363,density,0.5,1.25992,1.8803,0.37942,0.13803,0.077697,0.67574,0.079982,0.01937,181.15,0.084315,0.0015142,0.32719,6.228
0,36,84363,reflection,0.15874,0.4,0.20363,0.037254,0.13911,0.078358,0.67579,0.079963,0.019514,181.71,0.086548,0.0015024,0.32855,0.943
0,37,84363,line-o,0.666667,2,4.0288,0.94736,0.16877,0.07389,0.67525,0.079916,0.024092,188.65,0.085328,0.0011443,0.308,0.941
0,38,84363,grade-galaxy,0,0.3,0.40844,0.11003,0.16878,0.073731,0.67525,0.079916,0.02502,189.41,0.073843,0.0011396,0.308,0.936
0,39,84363,outer-sharpness,4.7622,12,0.001121,0,0.16878,0.07373,0.67539,0.079856,0.02502,189.41,0.073842,0.0011398,0.30801,6.122
0,40,84363,oxygen-threshold,15.874,40,3.5055,0.96639,0.13785,0.084777,0.67585,0.07991,0.020234,186.34,0.089813,0.0014671,0.33688,0.945
0,41,84363,mass-fine,0.75,1.75,0.64234,0.10617,0.13854,0.084665,0.65516,0.083502,0.020323,186.35,0.089479,0.0015319,0.33537,6.347
0,42,84363,mass-blister,0.05,0.383333,0.055849,0,0.13758,0.085386,0.65705,0.083436,0.020155,186.38,0.090025,0.001534,0.33651,6.279
0,43,84363,cluster-offset,0.725,0.95,2.8451,0.41724,0.11847,0.080438,0.65699,0.083803,0.017356,179.88,0.061514,0.0017834,0.33372,6.311
0,44,84363,keep,0.45,0.783333,1.8338,0.20836,0.12059,0.07919,0.35351,0.18714,0.018056,181.65,0.072019,0.0015439,0.33726,6.411
0,45,84363,external-galaxies,2,5,1.5018e-05,0,0.12059,0.07919,0.35351,0.18714,0.018056,181.65,0.072019,0.0015439,0.33726,1.079
0,46,84363,clouds,3,7,0,0,0.12059,0.07919,0.35351,0.18714,0.018056,181.65,0.072019,0.0015439,0.33726,1.076
0,47,84363,galaxy-glow,1.19055,3,3.3691,0.21845,0.13592,0.10426,0.35363,0.18725,0.018231,180.02,0.10341,0.0015293,0.45752,1.076
0,48,84363,dust-style,vein,physical,0.64861,0.10923,0.13769,0.10433,0.35629,0.18922,0.018481,181.55,0.10348,0.0014894,0.45497,6.385
0,49,84363,mass-cavity,0.001,0.004,2.1605,0.19246,0.14971,0.11029,0.33396,0.19204,0.020617,185.58,0.11056,0.0012456,0.46129,6.602
0,50,84363,cloud-distance,0.175,0.440972,0,0,0.14971,0.11029,0.33396,0.19204,0.020617,185.58,0.11056,0.0012456,0.46129,6.550
0,51,84363,fold-scale,1.26992,3.2,0.0031467,0.00053204,0.14971,0.11029,0.33401,0.19209,0.020618,185.58,0.11057,0.0012463,0.46128,10.486
0,52,84363,mass-edge,0.0833333,0.25,0.14587,0.014604,0.14952,0.11045,0.33875,0.19113,0.020574,185.56,0.11005,0.0012555,0.46177,10.238
0,53,84363,cloud-density,1.5,3.77976,0,0,0.14952,0.11045,0.33875,0.19113,0.020574,185.56,0.11005,0.0012555,0.46177,10.509
0,54,84363,distant-min-deg,2.3811,6,0.022167,0.0039099,0.14962,0.11047,0.33788,0.19207,0.02058,185.57,0.11007,0.0012618,0.46139,10.553
0,55,84363,distant-max-deg,11.1118,28,0.083411,0.013328,0.14997,0.11056,0.3353,0.19624,0.020608,185.61,0.11043,0.0012661,0.46,10.530
0,56,84363,hardness,0.416667,0.75,0.11842,0.0084464,0.15034,0.1107,0.32957,0.19531,0.020656,185.6,0.11003,0.0013139,0.46055,10.460
0,57,84363,graze,1.75,3.41667,0.79272,0.13168,0.14552,0.10937,0.32949,0.19547,0.020192,184.53,0.10982,0.0013322,0.46432,1.297
0,58,84363,spike,0,0.0833333,0,0,0.14552,0.10937,0.32949,0.19547,0.020192,184.53,0.10982,0.0013322,0.46432,1.304
0,59,84363,sigma,4,10.0794,2.896,0.35176,0.15381,0.10732,0.19487,0.36404,0.022231,185.51,0.092878,0.0011499,0.47497,9.967
0,60,84363,fill-shadow,7.5,18.8988,0.064741,0,0.15331,0.10743,0.19486,0.36406,0.022189,185.45,0.093118,0.0011487,0.47596,1.286
0,61,84363,exposure,0.09,0.226786,11.606,0.98359,0.21265,0.14902,0.19562,0.36463,0.025523,184.88,0.11037,0.0016342,0.57712,1.282
0,62,84363,pillar-density,1.98425,5,0,0,0.21265,0.14902,0.19562,0.36463,0.025523,184.88,0.11037,0.0016342,0.57712,10.507
0,63,84363,grade-dust,0.75,0.916667,0,0,0.21265,0.14902,0.19562,0.36463,0.025523,184.88,0.11037,0.0016342,0.57712,1.284
0,64,84363,fill,0.05,0.125992,0.84916,0.090613,0.21753,0.14786,0.19574,0.36452,0.025807,185.28,0.11144,0.001648,0.56857,1.301
0,65,84363,viewer-offset,0.516667,1.55,16.365,0.98371,0.1639,0.16692,0.84459,0.098459,0.016908,174.38,0.12815,0.0027028,0.66496,9.874
0,66,84363,line-s,0.5,1.5,1.3348,0.10258,0.17056,0.16923,0.84486,0.098239,0.017511,176.39,0.14721,0.0031978,0.64914,0.882
0,67,84363,blister,0.7,1,0,0,0.17056,0.16923,0.84486,0.098239,0.017511,176.39,0.14721,0.0031978,0.64914,0.890
0,68,84363,star-halo,0,0.233333,0.065482,0.0077106,0.17041,0.16911,0.84486,0.098239,0.017508,176.45,0.14744,0.0029786,0.64951,0.886
0,69,84363,young,55,165,0.0001136,0,0.17041,0.16911,0.84486,0.098239,0.017508,176.45,0.14744,0.0029785,0.64951,0.885
0,70,84363,hue-type,auto,fan,0,0,0.17041,0.16911,0.84486,0.098239,0.017508,176.45,0.14744,0.0029785,0.64951,0.886
0,71,84363,mass-scale,0.75,1.88988,2.6585,0.11252,0.17537,0.17227,0.83639,0.1028,0.017974,177.84,0.16479,0.0033987,0.63685,10.566
0,72,84363,dust-opacity,3,7.55953,0.16222,0.029495,0.17452,0.17194,0.83581,0.10518,0.017895,177.73,0.16371,0.0033549,0.63833,10.369
0,73,84363,star-count,15000,37798,0.88692,0.10086,0.17906,0.1735,0.83581,0.10518,0.018109,176.1,0.15422,0.0043774,0.62569,1.787
0,74,84363,mass-density,3,7.55953,1.2204,0.089814,0.17309,0.17242,0.83069,0.11885,0.017585,174.35,0.14131,0.0045128,0.63944,11.146
0,75,84363,ion-opacity,6.3496,16,1.0576,0.086543,0.17735,0.17435,0.83055,0.11865,0.018113,175.65,0.14982,0.0051609,0.63061,11.181
0,76,84363,pillar-width,0.0225,0.0566964,0,0,0.17735,0.17435,0.83055,0.11865,0.018113,175.65,0.14982,0.0051609,0.63061,11.166
0,77,84363,nebula-scale,0.063496,0.16,0.015218,0.002174,0.17746,0.17434,0.83055,0.11865,0.018119,175.62,0.14958,0.0051823,0.63041,1.736
0,78,84363,cloud-length,0.119055,0.3,0,0,0.17746,0.17434,0.83055,0.11865,0.018119,175.62,0.14958,0.0051823,0.63041,1.753
0,79,84363,luminosity,0.5,1.25992,2.9465,0.11505,0.19015,0.18797,0.83076,0.11846,0.018954,173.42,0.15299,0.0063948,0.63555,11.130
0,80,84363,spike-flux,2500,6299.61,0,0,0.19015,0.18797,0.83076,0.11846,0.018954,173.42,0.15299,0.0063948,0.63555,1.741
0,81,84363,cluster-stars,0.5,1.25992,0.00030967,4.9253e-05,0.19015,0.18797,0.83076,0.11846,0.018953,173.42,0.15298,0.0063941,0.63555,1.737
0,82,84363,line-h,0,1.33333,2.0303,0.11347,0.19799,0.19828,0.83089,0.11834,0.019194,171.89,0.16713,0.0073562,0.64836,1.728
0,83,84363,contrast,1.25,2.25,2.438,0.12263,0.2054,0.20706,0.83675,0.10757,0.019292,170.03,0.16752,0.0074592,0.65779,11.158
0,84,84363,filament,0.416667,0.75,0.83131,0.092352,0.20558,0.20743,0.83667,0.10649,0.01929,169.94,0.16918,0.0074755,0.65838,11.196
0,85,84363,erosion,0.566667,0.9,0.52839,0.075473,0.20539,0.20726,0.83907,0.10418,0.019276,169.95,0.16917,0.0077892,0.65802,11.170
0,86,84363,mass-warp,0,0.333333,4.4852,0.1199,0.20751,0.20598,0.83652,0.10366,0.019672,170.56,0.16964,0.0082347,0.64027,11.735
0,87,84363,galaxy-style,barred-spiral,flocculent,1.9164,0.25479,0.20353,0.20435,0.83651,0.10376,0.019581,171.2,0.17199,0.0083396,0.6449,1.698
0,88,84363,dust,0.516667,0.85,0,0,0.20353,0.20435,0.83651,0.10376,0.019581,171.2,0.17199,0.0083396,0.6449,1.697
0,89,84363,cavity-density,0.0047622,0.012,0,0,0.20353,0.20435,0.83651,0.10376,0.019581,171.2,0.17199,0.0083396,0.6449,1.686
1,0,14238,(start),,,0,0,0.065956,0.066266,0.24845,0.40287,0.009518,265.98,0.43183,0.0011396,0.28284,4.860
1,1,14238,erosion,0.566667,0.9,0.036213,0.00031022,0.066132,0.06646,0.25395,0.40022,0.0095025,266.1,0.43592,0.0011472,0.28366,4.773
1,2,14238,clouds,1,5,0,0,0.066132,0.06646,0.25395,0.40022,0.0095025,266.1,0.43592,0.0011472,0.28366,4.771
1,3,14238,galaxy-warp,0,1.5,0.028852,0,0.066334,0.066411,0.25395,0.40022,0.0094554,266.05,0.43702,0.0011446,0.28273,2.615
1,4,14238,star-halo,0,0.233333,0.024331,0.0022899,0.066302,0.066409,0.25395,0.40022,0.009456,266.07,0.43764,0.0012221,0.28277,2.616
1,5,14238,outer-sharpness,3,7.55953,8.5108e-06,0,0.066302,0.066409,0.25395,0.40022,0.0094561,266.07,0.43766,0.001222,0.28277,4.787
1,6,14238,pillar-density,1.25,3.1498,0,0,0.066302,0.066409,0.25395,0.40022,0.0094561,266.07,0.43766,0.001222,0.28277,4.778
1,7,14238,mass-scale,1.19055,3,5.8092,0.40816,0.082863,0.086764,0.15833,0.26081,0.010407,266.6,0.61158,0.0014146,0.39414,6.204
1,8,14238,spike-flux,2500,6299.61,0,0,0.082863,0.086764,0.15833,0.26081,0.010407,266.6,0.61158,0.0014146,0.39414,3.057
1,9,14238,filament,0.416667,0.75,0.59637,0.11636,0.082262,0.086772,0.15732,0.26616,0.010262,267.39,0.61285,0.0014577,0.39493,6.196
1,10,14238,thickness,0.03,0.0755953,0.0078185,0.00025834,0.082206,0.086755,0.15726,0.26647,0.01026,267.41,0.61289,0.0014592,0.3949,4.966
1,11,14238,sigma,4,10.0794,2.1712,0.28089,0.058133,0.078477,0.12991,0.59601,0.0099609,259.99,0.34182,0.0014073,0.39169,4.800
1,12,14238,cluster-offset,0.6125,0.8375,0.20234,0.02672,0.054705,0.078521,0.12783,0.59925,0.0092412,260.67,0.37328,0.0013835,0.39998,4.793
1,13,14238,distant-max-deg,7,17.6389,0.0074453,0.00080506,0.054667,0.078452,0.12783,0.59962,0.0092381,260.66,0.37274,0.0013942,0.39954,4.789
1,14,14238,cavity-spread,1,2.2611,0,0,0.054667,0.078452,0.12783,0.59962,0.0092381,260.66,0.37274,0.0013942,0.39954,1.453
1,15,14238,contrast,0.75,1.75,3.2394,0.26058,0.083445,0.095624,0.25477,0.32241,0.0095326,263.18,0.58562,0.0014645,0.43108,4.705
1,16,14238,detail-gain,0.375,0.608333,0.32635,0.048247,0.084878,0.09665,0.28514,0.31618,0.0094705,263.21,0.58968,0.0014811,0.43395,4.689
1,17,14238,galaxy-glow,1.19055,3,7.8319,0.44784,0.128,0.14081,0.28608,0.31704,0.011681,349.26,0.91983,0.0016575,0.54185,1.352
1,18,14238,nebula-scale,0.063496,0.16,0.00024439,1.6757e-05,0.128,0.14081,0.28608,0.31704,0.011681,349.26,0.91983,0.0016586,0.54185,1.353
1,19,14238,density,0.793701,2,3.6367,0.3075,0.10198,0.1315,0.22396,0.45011,0.010896,275.59,0.79643,0.0021225,0.56537,4.576
1,20,14238,ion-opacity,6.3496,16,0.04327,0,0.10286,0.13117,0.22399,0.45012,0.011106,273.75,0.7788,0.0021208,0.56358,4.572
1,21,14238,pillar-length,0.15,0.377976,0,0,0.10286,0.13117,0.22399,0.45012,0.011106,273.75,0.7788,0.0021208,0.56358,1.234
1,22,14238,reflection,0.15874,0.4,0.3675,0.050592,0.10865,0.12932,0.22421,0.45018,0.01209,267.18,0.69638,0.0021875,0.55223,1.234
1,23,14238,galaxy-radius,2.83333,5.5,8.2943,0.3579,0.048597,0.083601,0.22072,0.44489,0.01071,257.58,0.18421,0.0016984,0.47379,1.309
1,24,14238,mass-inner,0.675,0.95,2.0386,0.17649,0.056764,0.09893,0.57311,0.17395,0.0097031,256.69,0.21951,0.0020679,0.55037,4.338
1,25,14238,detail-scale,3.9685,10,0.33627,0.041594,0.056469,0.098848,0.56276,0.17352,0.0097243,256.67,0.21602,0.0021129,0.551,4.352
1,26,14238,young,55,165,0.0069405,0.001424,0.056536,0.098878,0.56276,0.17352,0.0097219,256.63,0.21616,0.0021315,0.55088,1.000
1,27,14238,shoulder,0.4,1.00794,0.0077793,0.0014033,0.056561,0.099049,0.56276,0.17352,0.0097217,256.63,0.2161,0.0021368,0.55257,1.002
1,28,14238,dust-scale,3.1748,8,0,0,0.056561,0.099049,0.56276,0.17352,0.0097217,256.63,0.2161,0.0021368,0.55257,5.103
1,29,14238,hardness,0.25,0.583333,0.11581,0.017564,0.056571,0.097999,0.51593,0.17428,0.0098686,256.67,0.21569,0.0021533,0.54592,5.121
1,30,14238,pillar-width,0.0357165,0.09,0,0,0.056571,0.097999,0.51593,0.17428,0.0098686,256.67,0.21569,0.0021533,0.54592,1.024
1,31,14238,mass-warp,0,0.333333,0,0,0.056571,0.097999,0.51593,0.17428,0.0098686,256.67,0.21569,0.0021533,0.54592,5.115
1,32,14238,line-o,0,1.33333,0.13996,0.034257,0.059025,0.098179,0.51536,0.1743,0.010232,255.48,0.21137,0.0025244,0.54089,1.024
1,33,14238,galaxy-waves,0.75,2.25,0.099397,0.015326,0.059027,0.098055,0.51534,0.17428,0.010241,255.49,0.21169,0.0025122,0.54008,1.032
1,34,14238,mass-lobes,0.2,0.466667,0.69386,0.082702,0.058293,0.094206,0.41788,0.25088,0.010665,255.51,0.20629,0.0024746,0.51664,5.200
1,35,14238,cloud-density,2.3811,6,0,0,0.058293,0.094206,0.41788,0.25088,0.010665,255.51,0.20629,0.0024746,0.51664,5.195
1,36,14238,cavity-density,0.0047622,0.012,0,0,0.058293,0.094206,0.41788,0.25088,0.010665,255.51,0.20629,0.0024746,0.51664,1.106
1,37,14238,mass-fine,0.75,1.75,0.25507,0.0399,0.058215,0.093311,0.38662,0.25581,0.010763,255.56,0.20609,0.0026307,0.51093,5.250
1,38,14238,cluster-size,0.005,0.02,0,0,0.058215,0.093311,0.38662,0.25581,0.010763,255.56,0.20609,0.0026307,0.51093,1.121
1,39,14238,grade-galaxy,0,0.3,0.30878,0.057623,0.058287,0.093165,0.38662,0.25581,0.010206,255.27,0.054169,0.0026262,0.51093,1.123
1,40,14238,cloud-distance,0.277795,0.7,0,0,0.058287,0.093165,0.38662,0.25581,0.010206,255.27,0.054169,0.0026262,0.51093,5.302
1,41,14238,mass-cavity,0.0005,0.002,4.5628,0.46036,0.10757,0.097478,0.3214,0.25723,0.013894,240.09,0.05164,0.0024515,0.42437,5.722
1,42,14238,fill-shadow,11.9055,30,0,0,0.10757,0.097478,0.3214,0.25723,0.013894,240.09,0.05164,0.0024515,0.42437,1.434
1,43,14238,mass-dust,0,0.166667,0.72502,0.14707,0.10315,0.094999,0.30497,0.27244,0.01395,241.61,0.052571,0.0024698,0.424,5.732
1,44,14238,cloud-width,0.0174614,0.044,0,0,0.10315,0.094999,0.30497,0.27244,0.01395,241.61,0.052571,0.0024698,0.424,5.679
1,45,14238,viewer-offset,0,1.03333,5.9113,0.63912,0.063795,0.10448,0.57976,0.20782,0.0086206,253.12,0.033053,0.0022536,0.56273,5.289
1,46,14238,grade-stars,0.516667,0.85,0.041683,0.0036323,0.063932,0.10443,0.57976,0.20782,0.0088513,253.02,0.030869,0.0023126,0.56273,1.195
1,47,14238,mass-clusters,1,2,2.1985,0.15136,0.08052,0.11533,0.57979,0.20615,0.01078,250.04,0.033305,0.0024201,0.57276,9.143
1,48,14238,mass-edge,0.0833333,0.25,0.06672,0.0077165,0.080692,0.11547,0.5797,0.20702,0.010808,250.03,0.033282,0.0024198,0.57301,9.162
1,49,14238,oxygen-threshold,15.874,40,1.1084,0.10345,0.072436,0.11068,0.57988,0.20689,0.010367,252.89,0.027439,0.0023825,0.57573,1.220
1,50,14238,pillars,0,15,0,0,0.072436,0.11068,0.57988,0.20689,0.010367,252.89,0.027439,0.0023825,0.57573,9.285
1,51,14238,anisotropy,0.05,0.616667,0.44343,0.079876,0.072876,0.1116,0.58007,0.20682,0.0099082,252.61,0.027479,0.0023641,0.5755,1.224
1,52,14238,blister,0.7,1,0,0,0.072876,0.1116,0.58007,0.20682,0.0099082,252.61,0.027479,0.0023641,0.5755,1.225
1,53,14238,cluster-stars,0.793701,2,0.0020016,0.00028375,0.072883,0.11163,0.58007,0.20682,0.0099086,252.61,0.027478,0.0023673,0.57572,1.227
1,54,14238,line-h,0,1.33333,7.1604,0.28421,0.11439,0.13405,0.58035,0.20752,0.012354,279.51,0.13464,0.0037972,0.51174,1.223
1,55,14238,star-halo-deg,0.2,0.503968,0.043049,0.0043484,0.11436,0.13401,0.58035,0.20752,0.012353,279.52,0.13455,0.0035055,0.51158,1.224
1,56,14238,graze,2.58333,4.25,0.39298,0.080214,0.11251,0.13217,0.58031,0.20758,0.012183,279.77,0.1363,0.0035096,0.50918,1.221
1,57,14238,dust-style,vein,physical,1.2608,0.21108,0.11838,0.13683,0.58606,0.19464,0.012525,281.73,0.1409,0.0036862,0.50391,9.419
1,58,14238,line-s,0,1,4.2339,0.31314,0.1365,0.15376,0.58654,0.19455,0.014645,292.86,0.16222,0.0047183,0.50007,1.225
1,59,14238,hue-type,auto,fan,0.5856,0.085805,0.13624,0.15341,0.58654,0.19455,0.012869,290.75,0.24791,0.0047105,0.50006,1.232
1,60,14238,rim-shadow,1.5,3.5,0.0028152,0,0.13622,0.15341,0.58654,0.19455,0.012868,290.73,0.24785,0.0047105,0.5001,1.229
1,61,14238,dust,0.35,0.683333,0,0,0.13622,0.15341,0.58654,0.19455,0.012868,290.73,0.24785,0.0047105,0.5001,1.227
1,62,14238,haze,0.0031748,0.008,7.6673,0.96142,0.20451,0.12509,0.58637,0.19451,0.016259,266.93,0.18754,0.0032391,0.41167,1.231
1,63,14238,galaxy-height,-0.803333,2.53,8.4347,0.30812,0.20911,0.12537,0.58647,0.19449,0.016131,266.82,0.19201,0.0035763,0.41212,1.106
1,64,14238,dust-opacity,3,7.55953,0.013406,0.0017312,0.20906,0.12528,0.58645,0.1946,0.016128,266.81,0.192,0.0035675,0.41184,9.175
1,65,14238,grade-strength,0.75,0.916667,2.1928,0.33847,0.20841,0.1245,0.58645,0.1946,0.018796,244.02,0.090294,0.0035373,0.41185,1.107
1,66,14238,galaxy-style,grand-design,flocculent,1.294,0.14011,0.20544,0.12141,0.58645,0.19458,0.018781,244.07,0.08986,0.0034698,0.40687,1.235
1,67,14238,external-galaxies,3,6,0.0003298,3.6042e-05,0.20545,0.1214,0.58645,0.19458,0.018783,244.07,0.089885,0.003475,0.40686,1.236
1,68,14238,fold,0,0.286667,4.2733,0.30595,0.19681,0.11588,0.61116,0.20118,0.017935,244.37,0.081022,0.0032542,0.41341,10.432
1,69,14238,distant-count,2,5,0.015245,0.00124,0.19675,0.11589,0.60978,0.20163,0.017941,244.37,0.080998,0.0032719,0.41356,12.177
1,70,14238,fill,0.0793701,0.2,2.5126,0.26168,0.20684,0.12696,0.60991,0.20168,0.019136,243.25,0.09715,0.0041159,0.42431,1.283
1,71,14238,fold-scale,1.26992,3.2,6.6524,0.33636,0.21435,0.1315,0.59168,0.1804,0.019849,242.8,0.10252,0.0044313,0.40896,15.841
1,72,14238,star-count,23811,60000,0.68071,0.10667,0.21786,0.13062,0.59168,0.1804,0.020373,242.79,0.098381,0.0055915,0.40444,1.899
1,73,14238,keep,0.616667,0.95,0.44009,0.034087,0.21752,0.13041,0.59092,0.1944,0.020335,242.82,0.097991,0.0056192,0.40465,16.781
1,74,14238,distant-min-deg,1.5,3.77976,0.048298,0.004904,0.21745,0.13042,0.58757,0.19612,0.020347,242.8,0.098101,0.0056462,0.4048,16.748
1,75,14238,hole-scale,0.65,1.6379,5.7729,0.31233,0.21115,0.12791,0.56595,0.27051,0.019609,244.75,0.07559,0.0070566,0.42558,16.606
1,76,14238,palette-family,auto,teal,4.4617,0.96904,0.20926,0.12861,0.56595,0.27051,0.015841,166.3,0.13008,0.0070908,0.42558,1.773
1,77,14238,galaxy-dust,0.793701,2,0.16981,0.024745,0.20863,0.12738,0.56595,0.27051,0.015838,166.26,0.13025,0.0071175,0.42037,1.774
1,78,14238,mass-edge-patch,0,0.166667,0.29575,0.046703,0.2085,0.12721,0.56603,0.27037,0.015828,166.31,0.13006,0.0070798,0.41986,16.830
1,79,14238,grade-dust,0.833333,1,0,0,0.2085,0.12721,0.56603,0.27037,0.015828,166.31,0.13006,0.0070798,0.41986,1.764
1,80,14238,star-brightness,0.275,0.692957,1.2668,0.20174,0.21566,0.12682,0.56603,0.27037,0.016541,164.37,0.12008,0.0094446,0.41256,1.773
1,81,14238,clusters,2,3,0,0,0.21566,0.12682,0.56603,0.27037,0.016541,164.37,0.12008,0.0094446,0.41256,1.778
1,82,14238,mass-density,4.7622,12,5.4585,0.29977,0.19758,0.11958,0.53734,0.36587,0.015262,168.76,0.10321,0.0081342,0.43796,16.659
1,83,14238,exposure,0.09,0.226786,13.527,0.68739,0.25484,0.17462,0.53792,0.36635,0.018802,155.67,0.1427,0.013683,0.53936,1.650
1,84,14238,mass-cluster-size,0.119055,0.3,4.7135,0.32634,0.27047,0.17744,0.5386,0.36655,0.019937,152.84,0.14275,0.012651,0.50592,20.674
1,85,14238,cloud-length,0.075,0.188988,0,0,0.27047,0.17744,0.5386,0.36655,0.019937,152.84,0.14275,0.012651,0.50592,21.167
1,86,14238,luminosity,0.5,1.25992,13.057,0.4112,0.31929,0.22595,0.53901,0.36682,0.021728,144.07,0.17942,0.013874,0.55227,20.657
1,87,14238,mass-blister,0.216667,0.55,11.96,0.41901,0.35231,0.23976,0.57062,0.28181,0.024056,136.2,0.17606,0.016422,0.49688,20.818
1,88,14238,spike,0,0.0833333,0,0,0.35231,0.23976,0.57062,0.28181,0.024056,136.2,0.17606,0.016422,0.49688,1.801
1,89,14238,star-reach,1.19055,3,4.7447,0.40584,0.34284,0.24866,0.57062,0.28181,0.023386,137.07,0.20471,0.011676,0.49912,5.808
2,0,97185,(start),,,0,0,0.1237,0.091143,0.78654,0.15634,0.036055,33.352,0.0086209,0.0025511,0.44798,2.324
2,1,97185,grade-dust,0.75,0.916667,0.00077521,0,0.1237,0.091144,0.78654,0.15634,0.036057,33.351,0.008621,0.0025511,0.44798,0.528
2,2,97185,galaxy-warp,0.75,2.25,0.011119,0,0.12371,0.091113,0.78654,0.15634,0.03608,33.338,0.0086046,0.0025505,0.44797,0.525
2,3,97185,fill,0.0793701,0.2,0.17777,0.096911,0.12496,0.092081,0.78656,0.15638,0.036541,33.338,0.0084699,0.0025685,0.44485,0.529
2,4,97185,contrast,1.25,2.25,0.14006,0.039524,0.12464,0.092128,0.79078,0.15284,0.036328,33.37,0.008551,0.0025776,0.4464,2.475
2,5,97185,thickness,0.047622,0.12,0.060135,0.0084588,0.12423,0.091814,0.79059,0.15283,0.036185,33.366,0.0085865,0.0025837,0.44731,2.402
2,6,97185,dust-scale,2,5.03968,0.082535,0.024743,0.12421,0.091808,0.79009,0.15429,0.036193,33.359,0.0085848,0.00259,0.44771,2.751
2,7,97185,cloud-width,0.0174614,0.044,0,0,0.12421,0.091808,0.79009,0.15429,0.036193,33.359,0.0085848,0.00259,0.44771,2.754
2,8,97185,distant-max-deg,11.1118,28,0.0059417,0.0018354,0.12424,0.091811,0.78951,0.15429,0.036211,33.355,0.0085626,0.002596,0.44763,2.758
2,9,97185,star-halo-deg,0.31748,0.8,0,0,0.12424,0.091811,0.78951,0.15429,0.036211,33.355,0.0085626,0.002596,0.44763,0.398
2,10,97185,anisotropy,0.05,0.616667,0.063094,0.003544,0.12381,0.091458,0.7895,0.15429,0.036066,33.342,0.0086097,0.0025954,0.44851,0.397
2,11,97185,dust-opacity,4.7622,12,0.032875,0.0061909,0.1236,0.091273,0.78872,0.1565,0.036012,33.332,0.0086248,0.0025917,0.4489,2.750
2,12,97185,shoulder,0.4,1.00794,5.5465e-05,0,0.1236,0.091274,0.78872,0.1565,0.036012,33.332,0.0086248,0.0025917,0.44891,0.396
2,13,97185,spike,0,0.0833333,0.0047845,0.001405,0.12366,0.091228,0.78872,0.1565,0.036029,33.327,0.0086275,0.0026138,0.44834,0.394
2,14,97185,cloud-density,1.5,3.77976,0,0,0.12366,0.091228,0.78872,0.1565,0.036029,33.327,0.0086275,0.0026138,0.44834,2.757
2,15,97185,mass-inner,0.5375,0.8125,0.86515,0.17054,0.1207,0.088082,0.79273,0.13838,0.034908,33.365,0.0089015,0.0026008,0.45047,2.736
2,16,97185,mass-warp,0,0.333333,0.24317,0.11172,0.11999,0.087926,0.79596,0.13523,0.034659,33.403,0.0089528,0.0026103,0.45099,2.885
2,17,97185,viewer-offset,0.516667,1.55,1.9773,0.20832,0.11187,0.086057,0.94298,0.03912,0.029388,34.793,0.011713,0.002725,0.46347,3.091
2,18,97185,detail-scale,3.9685,10,0.12127,0.042588,0.11227,0.086302,0.94254,0.040058,0.029537,34.784,0.011645,0.0027686,0.4617,3.092
2,19,97185,line-s,0.5,1.5,0.50062,0.058921,0.11574,0.090031,0.94277,0.04013,0.03081,34.717,0.011142,0.0028596,0.45416,0.307
2,20,97185,density,0.5,1.25992,0.1215,0.050002,0.11524,0.089566,0.94122,0.047299,0.03064,34.715,0.011213,0.0029062,0.45648,3.084
2,21,97185,star-reach,0.75,1.88988,0.54578,0.071978,0.11487,0.090475,0.94122,0.047299,0.030455,34.743,0.011287,0.0026655,0.4608,0.334
2,22,97185,pillar-density,1.98425,5,0,0,0.11487,0.090475,0.94122,0.047299,0.030455,34.743,0.011287,0.0026655,0.4608,3.112
2,23,97185,hole-scale,0.65,1.6379,1.3953,0.094526,0.11885,0.095302,0.93697,0.024977,0.0318,34.801,0.010979,0.0033693,0.47249,3.192
2,24,97185,fold-scale,0.8,2.01587,0.47818,0.068669,0.11838,0.094829,0.93868,0.023814,0.031621,34.817,0.011056,0.0033902,0.47277,3.972
2,25,97185,star-count,15000,37798,0.71373,0.10552,0.12391,0.096411,0.93868,0.023814,0.03238,35.125,0.011754,0.0056971,0.47175,0.545
2,26,97185,haze,0.002,0.00503968,5.6476,0.99551,0.1739,0.083151,0.93859,0.023602,0.053484,33.361,0.0047806,0.0041017,0.38492,0.546
2,27,97185,detail-gain,0.375,0.608333,0.10009,0.036565,0.17346,0.082855,0.94032,0.023568,0.05333,33.356,0.0047843,0.0040706,0.38505,4.190
2,28,97185,line-o,0,1.33333,0.30797,0.022809,0.17522,0.08465,0.94012,0.02353,0.053839,33.431,0.0047551,0.0040641,0.38687,0.544
2,29,97185,distant-count,1,4,0.040793,0.0029891,0.17549,0.084756,0.93714,0.023616,0.053946,33.428,0.0047437,0.004135,0.3863,6.948
2,30,97185,clouds,3,7,0,0,0.17549,0.084756,0.93714,0.023616,0.053946,33.428,0.0047437,0.004135,0.3863,0.545
2,31,97185,palette-family,auto,teal,14.155,0.99614,0.14316,0.097925,0.93714,0.023616,0.015811,173.29,0.064236,0.005753,0.38631,0.543
2,32,97185,fold,0.143333,0.43,0.72554,0.066399,0.14294,0.097383,0.93665,0.0226,0.015804,173.39,0.064614,0.0057688,0.38365,8.189
2,33,97185,mass-edge,0,0.166667,0.133,0.020604,0.14264,0.09723,0.93766,0.022565,0.015788,173.38,0.064672,0.0057661,0.38363,8.194
2,34,97185,hue-type,auto,fan,0.13739,0.057211,0.14268,0.097264,0.93766,0.022565,0.015449,175.57,0.06906,0.0057666,0.38363,0.578
2,35,97185,grade-stars,0.35,0.683333,0.085187,0.01229,0.14275,0.097163,0.93766,0.022565,0.015772,174.52,0.06584,0.0057792,0.38364,0.582
2,36,97185,mass-lobes,0.2,0.466667,0.41991,0.030913,0.14237,0.096621,0.93532,0.024077,0.015644,174.48,0.06603,0.0058152,0.38114,8.262
2,37,97185,exposure,0.09,0.226786,11.725,0.6689,0.19677,0.14274,0.9356,0.024317,0.016007,165.47,0.14476,0.0095096,0.46715,0.582
2,38,97185,young,0,110,0.0061249,0.00095437,0.1968,0.14276,0.9356,0.024317,0.016006,165.47,0.14476,0.009512,0.46717,0.584
2,39,97185,mass-blister,0.216667,0.55,0.20325,0.015097,0.19566,0.14299,0.94055,0.02311,0.015936,165.31,0.14485,0.0094642,0.46928,8.237
2,40,97185,grade-galaxy,0,0.3,1.3943,0.39103,0.19559,0.14246,0.94055,0.02311,0.018337,175.42,0.080737,0.0094364,0.46928,0.578
2,41,97185,galaxy-waves,0,1.5,0.2162,0.030991,0.19562,0.14246,0.94055,0.023117,0.018339,175.4,0.080573,0.0094402,0.46897,0.583
2,42,97185,mass-edge-patch,0,0.166667,0.028574,0.0030855,0.19564,0.14247,0.9405,0.023086,0.018341,175.4,0.08058,0.0094439,0.46897,8.234
2,43,97185,ion-opacity,6.3496,16,1.0399,0.06699,0.19928,0.14762,0.93968,0.023104,0.01853,174.49,0.087656,0.010052,0.4816,8.270
2,44,97185,external-galaxies,2,5,0.001206,5.9928e-05,0.19928,0.14762,0.93968,0.023104,0.018529,174.5,0.087663,0.010056,0.4816,0.584
2,45,97185,star-halo,0,0.233333,0.29628,0.033867,0.19918,0.14709,0.93968,0.023104,0.018554,174.57,0.087227,0.009016,0.47972,0.585
2,46,97185,reflection,0.1,0.251984,0.010017,0.00010602,0.19922,0.14714,0.93969,0.023122,0.01856,174.58,0.087202,0.0090156,0.47983,0.591
2,47,97185,galaxy-style,grand-design,flocculent,4.2104,0.47055,0.18939,0.14325,0.93973,0.023117,0.018384,174.33,0.074035,0.00923,0.47326,0.765
2,48,97185,galaxy-glow,0.75,1.88988,12.563,0.51859,0.24033,0.1886,0.93966,0.023138,0.01855,170.75,0.1431,0.0081706,0.51881,0.764
2,49,97185,sigma,6.3496,16,1.0788,0.066709,0.24104,0.19046,0.93259,0.031814,0.018405,170.58,0.14337,0.008803,0.52556,8.464
2,50,97185,clusters,2,3,0,0,0.24104,0.19046,0.93259,0.031814,0.018405,170.58,0.14337,0.008803,0.52556,0.762
2,51,97185,pillar-length,0.23811,0.6,0,0,0.24104,0.19046,0.93259,0.031814,0.018405,170.58,0.14337,0.008803,0.52556,0.759
2,52,97185,line-h,0.666667,2,1.0718,0.069832,0.24502,0.1949,0.93275,0.031916,0.018481,169.76,0.15519,0.009492,0.52785,0.760
2,53,97185,cloud-length,0.075,0.188988,0,0,0.24502,0.1949,0.93275,0.031916,0.018481,169.76,0.15519,0.009492,0.52785,0.762
2,54,97185,erosion,0.4,0.733333,0.55949,0.052299,0.24348,0.19401,0.93592,0.030352,0.018435,169.99,0.15218,0.0097625,0.52954,8.908
2,55,97185,pillar-width,0.0357165,0.09,0,0,0.24348,0.19401,0.93592,0.030352,0.018435,169.99,0.15218,0.0097625,0.52954,0.766
2,56,97185,nebula-scale,0.04,0.100794,0.0061618,0.00057162,0.24351,0.19403,0.93592,0.030352,0.018435,169.99,0.15209,0.0097626,0.52955,0.764
2,57,97185,mass-dust,0.0833333,0.25,0.36191,0.038188,0.24244,0.1927,0.93303,0.032458,0.018406,169.88,0.1489,0.009667,0.52711,8.949
2,58,97185,cloud-distance,0.175,0.440972,0,0,0.24244,0.1927,0.93303,0.032458,0.018406,169.88,0.1489,0.009667,0.52711,0.750
2,59,97185,filament,0.25,0.583333,0.81198,0.055478,0.2407,0.19184,0.93597,0.032073,0.018335,170.12,0.1463,0.0095621,0.52896,8.466
2,60,97185,mass-clusters,1,1,0,0,0.2407,0.19184,0.93597,0.032073,0.018335,170.12,0.1463,0.0095621,0.52896,0.756
2,61,97185,rim-shadow,1.5,3.5,0.00015144,0,0.2407,0.19184,0.93597,0.032073,0.018335,170.12,0.1463,0.0095622,0.52896,0.757
2,62,97185,keep,0.45,0.783333,1.615,0.057124,0.24499,0.19299,0.91027,0.054023,0.018442,169.52,0.15043,0.0095804,0.52288,8.447
2,63,97185,cavity-density,0.0047622,0.012,0,0,0.24499,0.19299,0.91027,0.054023,0.018442,169.52,0.15043,0.0095804,0.52288,0.768
2,64,97185,mass-cavity,0.0005,0.002,2.7438,0.033815,0.25441,0.20819,0.90804,0.053932,0.018219,169.37,0.1536,0.0089569,0.57813,8.493
2,65,97185,hardness,0.25,0.583333,1.017,0.067513,0.2584,0.20961,0.90297,0.054865,0.018366,168.95,0.15893,0.0093112,0.57296,8.532
2,66,97185,dust-style,lanes,physical,0.81242,0.06717,0.25864,0.21025,0.90495,0.050582,0.018416,169.53,0.159,0.0092647,0.57764,8.461
2,67,97185,graze,2.58333,4.25,0.36294,0.06626,0.25739,0.20837,0.90491,0.050592,0.018441,169.65,0.15683,0.0092714,0.56955,0.779
2,68,97185,galaxy-dust,0.5,1.25992,0.42848,0.069212,0.25594,0.20632,0.90491,0.050592,0.018497,169.31,0.15757,0.0093045,0.56578,0.778
2,69,97185,cavity-spread,1.50369,3.4,0,0,0.25594,0.20632,0.90491,0.050592,0.018497,169.31,0.15757,0.0093045,0.56578,0.776
2,70,97185,mass-density,4.7622,12,1.2882,0.077169,0.25662,0.20701,0.89648,0.066866,0.018478,169.08,0.16062,0.0094882,0.56584,8.453
2,71,97185,star-brightness,0.436535,1.1,2.7737,0.39637,0.27161,0.20606,0.89648,0.066866,0.019291,167.68,0.1468,0.014391,0.5526,0.777
2,72,97185,oxygen-threshold,15.874,40,0.071523,0.015534,0.2715,0.20587,0.89648,0.066874,0.019278,167.45,0.15409,0.014396,0.55129,0.778
2,73,97185,blister,0.55,0.85,0,0,0.2715,0.20587,0.89648,0.066874,0.019278,167.45,0.15409,0.014396,0.55129,0.774
2,74,97185,fill-shadow,11.9055,30,0.63064,0.063754,0.26906,0.20408,0.89634,0.066877,0.01922,167.99,0.14747,0.014497,0.5527,0.775
2,75,97185,mass-scale,0.75,1.88988,8.6273,0.1222,0.23981,0.18552,0.86439,0.10984,0.018632,170.21,0.12618,0.012724,0.52285,9.487
2,76,97185,mass-fine,0.25,1.25,0.7702,0.052463,0.24021,0.18597,0.86297,0.11082,0.018659,170.12,0.12797,0.013102,0.52299,9.479
2,77,97185,galaxy-height,-2.47,0.863333,53.954,0.87274,0.26666,0.19402,0.86291,0.11068,0.019653,163.83,0.12393,0.0067263,0.47659,1.700
2,78,97185,distant-min-deg,1.5,3.77976,0.060284,0.0047262,0.2667,0.19402,0.85746,0.11254,0.019667,163.86,0.12425,0.0068023,0.4765,10.517
2,79,97185,dust,0.35,0.683333,0,0,0.2667,0.19402,0.85746,0.11254,0.019667,163.86,0.12425,0.0068023,0.4765,1.689
2,80,97185,cluster-size,0.01,0.04,0,0,0.2667,0.19402,0.85746,0.11254,0.019667,163.86,0.12425,0.0068023,0.4765,1.683
2,81,97185,spike-flux,3968.5,10000,1.588e-06,0,0.2667,0.19402,0.85746,0.11254,0.019667,163.86,0.12425,0.0068023,0.4765,1.704
2,82,97185,luminosity,0.5,1.25992,1.8146,0.072085,0.27409,0.19882,0.8575,0.11272,0.019917,162.86,0.14148,0.007997,0.4817,10.307
2,83,97185,galaxy-radius,2.83333,5.5,26.873,0.62254,0.15164,0.15162,0.85614,0.11166,0.017327,174.31,0.080266,0.010087,0.62424,1.372
2,84,97185,cluster-offset,0.6125,0.8375,2.1416,0.070239,0.15285,0.15378,0.85631,0.11182,0.017365,174.45,0.081101,0.010305,0.63743,10.017
2,85,97185,outer-sharpness,4.7622,12,0.020566,0.0024548,0.15283,0.15379,0.85797,0.11115,0.017361,174.44,0.081083,0.010296,0.63751,10.142
2,86,97185,cluster-stars,0.5,1.25992,0.00083385,0.00015028,0.15283,0.1538,0.85797,0.11115,0.017361,174.44,0.081056,0.010296,0.63758,1.405
2,87,97185,mass-cluster-size,0.119055,0.3,0.65944,0.054911,0.15465,0.15416,0.8582,0.11117,0.017464,174.48,0.084681,0.010424,0.62982,13.407
2,88,97185,pillars,0,15,0,0,0.15465,0.15416,0.8582,0.11117,0.017464,174.48,0.084681,0.010424,0.62982,13.347
2,89,97185,grade-strength,0.833333,1,0.79272,0.08312,0.15482,0.15425,0.8582,0.11117,0.018856,176.34,0.045903,0.010412,0.63463,1.400
3,0,98826,(start),,,0,0,0.16027,0.091454,0.24813,0.26747,0.037969,44.97,0.018584,0.0014305,0.37771,4.954
3,1,98826,line-h,0.666667,2,7.032,0.77217,0.20037,0.10582,0.24835,0.26743,0.046482,44.773,0.011697,0.0016801,0.35939,2.927
3,2,98826,erosion,0.4,0.733333,1.9622,0.49001,0.18737,0.10995,0.3187,0.26484,0.043188,45.335,0.014596,0.0019188,0.37823,4.752
3,3,98826,young,0,110,0.00083346,0.0001132,0.18737,0.10996,0.3187,0.26484,0.043187,45.335,0.014596,0.001919,0.37827,2.693
3,4,98826,clusters,2,2,0,0,0.18737,0.10996,0.3187,0.26484,0.043187,45.335,0.014596,0.001919,0.37827,2.687
3,5,98826,mass-warp,0,0.333333,0,0,0.18737,0.10996,0.3187,0.26484,0.043187,45.335,0.014596,0.001919,0.37827,4.715
3,6,98826,galaxy-style,grand-design,flocculent,1.1546,0.18154,0.18475,0.10834,0.31876,0.26483,0.043026,45.11,0.014448,0.0019562,0.37975,2.715
3,7,98826,dust,0.35,0.683333,0,0,0.18475,0.10834,0.31876,0.26483,0.043026,45.11,0.014448,0.0019562,0.37975,2.718
3,8,98826,spike-flux,2500,6299.61,4.1439e-07,0,0.18475,0.10834,0.31876,0.26483,0.043026,45.11,0.014448,0.0019562,0.37975,2.714
3,9,98826,mass-scale,1.19055,3,10.616,0.80333,0.17542,0.11272,0.28986,0.30906,0.042101,44.257,0.014025,0.0029797,0.37786,6.745
3,10,98826,rim-shadow,0.5,2.5,0.010672,0.0022129,0.17535,0.11269,0.28986,0.30906,0.042087,44.252,0.014035,0.0029705,0.37784,3.690
3,11,98826,cloud-length,0.119055,0.3,0,0,0.17535,0.11269,0.28986,0.30906,0.042087,44.252,0.014035,0.0029705,0.37784,6.611
3,12,98826,thickness,0.03,0.0755953,0.1198,0.0072608,0.17515,0.1125,0.28961,0.30935,0.042047,44.254,0.014049,0.0029752,0.37771,4.891
3,13,98826,line-s,0.5,1.5,5.0855,0.68888,0.20434,0.12571,0.2898,0.30932,0.049983,44.11,0.011553,0.0032177,0.376,1.807
3,14,98826,mass-edge,0,0.166667,0.81292,0.21663,0.20445,0.12601,0.29099,0.30997,0.05002,44.105,0.011471,0.0034378,0.37442,4.903
3,15,98826,detail-gain,0.491667,0.725,1.2695,0.38378,0.20563,0.12521,0.29148,0.31341,0.050319,43.955,0.010987,0.0036326,0.37226,4.893
3,16,98826,mass-inner,0.675,0.95,16.108,0.75705,0.18218,0.12871,0.575,0.038716,0.041059,46.438,0.015825,0.0055628,0.38576,4.167
3,17,98826,distant-max-deg,11.1118,28,0.51194,0.024821,0.18478,0.13008,0.56585,0.038973,0.041679,46.461,0.015561,0.0055632,0.38692,4.177
3,18,98826,galaxy-radius,2.83333,5.5,5.4584,0.48257,0.14175,0.14002,0.56591,0.039028,0.038427,42.171,0.009934,0.0068428,0.4651,1.096
3,19,98826,fill,0.05,0.125992,1.1725,0.36059,0.14844,0.14471,0.56597,0.039063,0.040079,42.302,0.0097259,0.0070834,0.4576,1.096
3,20,98826,shoulder,0.4,1.00794,0.096101,0.0089987,0.14876,0.14593,0.56597,0.039063,0.040077,42.329,0.0098746,0.0071238,0.46982,1.097
3,21,98826,spike,0.0416667,0.125,0,0,0.14876,0.14593,0.56597,0.039063,0.040077,42.329,0.0098746,0.0071238,0.46982,1.097
3,22,98826,mass-clusters,1,2,10.811,0.5715,0.19807,0.18687,0.57005,0.039505,0.05058,45.218,0.011705,0.0084657,0.4434,7.427
3,23,98826,fill-shadow,7.5,18.8988,1.1231,0.3538,0.19278,0.18232,0.56974,0.039609,0.049606,44.805,0.011343,0.0083461,0.44698,1.108
3,24,98826,star-halo-deg,0.2,0.503968,0,0,0.19278,0.18232,0.56974,0.039609,0.049606,44.805,0.011343,0.0083461,0.44698,1.101
3,25,98826,hole-scale,1.03181,2.6,16.215,0.69386,0.20254,0.17808,0.53552,0.022792,0.052211,44.346,0.0093235,0.0086815,0.41938,7.547
3,26,98826,line-o,0.666667,2,0.54966,0.10293,0.2059,0.17869,0.53532,0.02274,0.052482,44.741,0.010002,0.0086759,0.42161,1.084
3,27,98826,distant-min-deg,1.5,3.77976,0.062521,0.010793,0.20607,0.1789,0.53496,0.022803,0.052493,44.75,0.01002,0.0086729,0.42285,7.547
3,28,98826,sigma,6.3496,16,5.2836,0.60857,0.21385,0.17805,0.47071,0.13406,0.054553,45.119,0.010861,0.010882,0.41716,7.740
3,29,98826,grade-galaxy,0.15,0.45,0.069258,0.014201,0.21397,0.17798,0.47071,0.13406,0.054782,45.126,0.010834,0.010865,0.41719,1.078
3,30,98826,dust-style,vein,physical,3.0473,0.33357,0.2241,0.18248,0.47477,0.13808,0.056984,45.624,0.010871,0.011016,0.39865,7.666
3,31,98826,fold-scale,1.26992,3.2,0,0,0.2241,0.18248,0.47477,0.13808,0.056984,45.624,0.010871,0.011016,0.39865,8.857
3,32,98826,galaxy-glow,0.75,1.88988,0.79646,0.076091,0.22844,0.18305,0.47462,0.13809,0.057356,45.871,0.011526,0.010745,0.39814,1.106
3,33,98826,graze,2.58333,4.25,2.1161,0.48576,0.2189,0.17463,0.47391,0.13797,0.055766,45.261,0.011089,0.010618,0.38944,1.102
3,34,98826,contrast,1.25,2.25,7.6571,0.62351,0.19756,0.16941,0.59519,0.10613,0.048953,46.092,0.014697,0.0094785,0.41998,8.840
3,35,98826,galaxy-warp,0.75,2.25,0.39063,0.067367,0.19723,0.16934,0.59514,0.10613,0.048955,46.059,0.014602,0.0093934,0.41958,1.047
3,36,98826,mass-dust,0.0833333,0.25,1.2898,0.19019,0.19134,0.16381,0.59176,0.12486,0.047835,45.751,0.014537,0.0093352,0.41612,8.829
3,37,98826,mass-density,3,7.55953,6.5992,0.53618,0.21701,0.16788,0.47872,0.21586,0.054768,45.704,0.012343,0.010421,0.38648,8.845
3,38,98826,galaxy-waves,0,1.5,0.12034,0.015132,0.21697,0.1678,0.47873,0.21585,0.05479,45.693,0.01234,0.010414,0.38618,1.092
3,39,98826,cavity-spread,1,2.2611,0,0,0.21697,0.1678,0.47873,0.21585,0.05479,45.693,0.01234,0.010414,0.38618,1.093
3,40,98826,cluster-offset,0.725,0.95,8.9936,0.65643,0.17175,0.13827,0.47876,0.21417,0.045882,42.856,0.010494,0.0088935,0.39824,8.959
3,41,98826,mass-blister,0.05,0.383333,0.80018,0.13331,0.16827,0.13858,0.49256,0.19748,0.044918,42.88,0.010636,0.0088582,0.4028,9.161
3,42,98826,mass-fine,0.75,1.75,4.0972,0.50505,0.17909,0.14261,0.4527,0.20582,0.047764,42.985,0.010111,0.012492,0.40161,9.188
3,43,98826,grade-dust,0.833333,1,0,0,0.17909,0.14261,0.4527,0.20582,0.047764,42.985,0.010111,0.012492,0.40161,1.134
3,44,98826,external-galaxies,3,6,0.00017571,3.1759e-05,0.17909,0.14261,0.4527,0.20582,0.047764,42.985,0.010111,0.012492,0.40161,1.120
3,45,98826,keep,0.616667,0.95,4.153,0.50499,0.18437,0.13645,0.37512,0.23753,0.049553,42.808,0.0097128,0.012825,0.39845,9.298
3,46,98826,cloud-distance,0.175,0.440972,0,0,0.18437,0.13645,0.37512,0.23753,0.049553,42.808,0.0097128,0.012825,0.39845,9.244
3,47,98826,grade-stars,0.516667,0.85,0.032123,0.0054919,0.18445,0.13639,0.37512,0.23753,0.049671,42.87,0.0099753,0.01284,0.39846,1.185
3,48,98826,hue-type,single,split,3.0795,0.18982,0.18201,0.13449,0.37512,0.23753,0.041211,42.256,0.013684,0.012661,0.39844,1.183
3,49,98826,palette-family,warm,blue,12.278,0.81989,0.17153,0.14177,0.37512,0.23753,0.027869,346.3,0.19158,0.013501,0.39856,1.185
3,50,98826,hardness,0.416667,0.75,1.3871,0.26558,0.17619,0.14212,0.36357,0.23632,0.028574,346.69,0.18866,0.013685,0.39652,8.976
3,51,98826,outer-sharpness,4.7622,12,0.11068,0.017788,0.176,0.14223,0.36596,0.2344,0.028509,346.6,0.18888,0.013714,0.39753,9.039
3,52,98826,cloud-width,0.011,0.0277183,0,0,0.176,0.14223,0.36596,0.2344,0.028509,346.6,0.18888,0.013714,0.39753,9.089
3,53,98826,oxygen-threshold,15.874,40,0.33069,0.072017,0.1744,0.14159,0.36616,0.23444,0.028796,347.54,0.17288,0.013747,0.39504,1.185
3,54,98826,reflection,0.1,0.251984,0.23098,0.0081287,0.17545,0.14214,0.36631,0.23447,0.028813,347.28,0.17511,0.013759,0.39523,1.187
3,55,98826,blister,0.55,0.85,0,0,0.17545,0.14214,0.36631,0.23447,0.028813,347.28,0.17511,0.013759,0.39523,1.185
3,56,98826,viewer-offset,0.516667,1.55,22.456,0.72018,0.047242,0.10543,0.85132,0.086587,0.0073827,314.78,0.34141,0.0043785,0.62632,8.397
3,57,98826,star-brightness,0.436535,1.1,0.48341,0.079231,0.051556,0.1082,0.85132,0.086587,0.0079452,308.51,0.35565,0.0060898,0.61921,0.618
3,58,98826,dust-opacity,4.7622,12,0.43789,0.056326,0.049356,0.10447,0.85051,0.090197,0.0076224,305.42,0.34993,0.0059889,0.60873,8.393
3,59,98826,cloud-density,1.5,3.77976,0,0,0.049356,0.10447,0.85051,0.090197,0.0076224,305.42,0.34993,0.0059889,0.60873,8.381
3,60,98826,pillar-length,0.23811,0.6,0,0,0.049356,0.10447,0.85051,0.090197,0.0076224,305.42,0.34993,0.0059889,0.60873,0.609
3,61,98826,galaxy-height,-0.803333,2.53,4.2366,0.20274,0.054529,0.10831,0.85051,0.090525,0.0082262,300.99,0.34635,0.0070355,0.60725,0.693
3,62,98826,anisotropy,0.333333,0.9,0.20586,0.014666,0.054938,0.10951,0.85049,0.0905,0.0082742,301,0.34963,0.0069965,0.61312,0.692
3,63,98826,detail-scale,3.9685,10,1.1818,0.10251,0.056223,0.11113,0.84911,0.090719,0.0085008,303.1,0.35418,0.0071761,0.61542,8.463
3,64,98826,nebula-scale,0.063496,0.16,0.0058313,0.00082636,0.056255,0.11117,0.84911,0.090719,0.0084987,303.04,0.35392,0.0071901,0.61549,0.690
3,65,98826,distant-count,2,5,0.13741,0.0054032,0.057023,0.11205,0.84569,0.092306,0.0086214,304.28,0.35604,0.0073998,0.61574,9.950
3,66,98826,pillars,0,15,0,0,0.057023,0.11205,0.84569,0.092306,0.0086214,304.28,0.35604,0.0073998,0.61574,10.067
3,67,98826,star-halo,0,0.233333,0.054462,0.0058039,0.056857,0.11188,0.84569,0.092306,0.008611,304.4,0.35578,0.0071621,0.61563,0.701
3,68,98826,mass-lobes,0.2,0.466667,1.6365,0.082212,0.050834,0.10357,0.84229,0.10687,0.0081579,300.85,0.37205,0.0066065,0.59991,9.889
3,69,98826,haze,0.002,0.00503968,3.9959,0.77875,0.10882,0.096793,0.84185,0.10649,0.019429,268.35,0.20277,0.0055084,0.44011,0.706
3,70,98826,density,0.5,1.25992,1.2134,0.10156,0.10518,0.093917,0.83588,0.1212,0.019277,266.38,0.19296,0.0055303,0.43384,9.821
3,71,98826,grade-strength,0.75,0.916667,0.32058,0.081021,0.1051,0.093723,0.83588,0.1212,0.019389,263.16,0.16827,0.0055058,0.43383,0.645
3,72,98826,cluster-stars,0.5,1.25992,0.00019321,2.9724e-05,0.1051,0.093724,0.83588,0.1212,0.019388,263.16,0.16825,0.0055058,0.43384,0.642
3,73,98826,luminosity,0.793701,2,2.2409,0.097228,0.11419,0.11511,0.83638,0.12151,0.019853,263.05,0.19173,0.0067474,0.54845,9.816
3,74,98826,pillar-density,1.98425,5,0,0,0.11419,0.11511,0.83638,0.12151,0.019853,263.05,0.19173,0.0067474,0.54845,9.823
3,75,98826,ion-opacity,4,10.0794,1.8318,0.096542,0.12009,0.12935,0.83636,0.12149,0.019765,262.32,0.16779,0.0080116,0.61774,9.939
3,76,98826,mass-edge-patch,0,0.166667,0.087241,0.014735,0.12006,0.12926,0.83641,0.12147,0.019767,262.31,0.16777,0.0080134,0.61727,9.921
3,77,98826,star-count,15000,37798,1.4513,0.19057,0.13041,0.13059,0.83641,0.12147,0.020147,261.08,0.1634,0.011557,0.60211,1.046
3,78,98826,cluster-size,0.01,0.04,0,0,0.13041,0.13059,0.83641,0.12147,0.020147,261.08,0.1634,0.011557,0.60211,1.045
3,79,98826,star-reach,1.19055,3,2.6972,0.27986,0.12253,0.13289,0.83641,0.12147,0.019956,262.24,0.16685,0.0068736,0.61137,2.552
3,80,98826,exposure,0.09,0.226786,7.7748,0.27639,0.153,0.18343,0.83679,0.12183,0.019838,261.41,0.14636,0.010122,0.73252,2.553
3,81,98826,filament,0.25,0.583333,1.2801,0.09184,0.15211,0.18174,0.83764,0.12076,0.019893,261.49,0.15079,0.010321,0.72635,11.806
3,82,98826,mass-cluster-size,0.075,0.188988,1.0166,0.086516,0.15495,0.18487,0.83803,0.12079,0.019997,261.79,0.15508,0.010093,0.72637,15.568
3,83,98826,fold,0,0.286667,5.8166,0.13963,0.15479,0.18108,0.83298,0.12558,0.020167,262.36,0.15717,0.010954,0.70834,18.401
3,84,98826,clouds,3,7,0,0,0.15479,0.18108,0.83298,0.12558,0.020167,262.36,0.15717,0.010954,0.70834,2.639
3,85,98826,mass-cavity,0.001,0.004,0.67162,0.036879,0.15696,0.18591,0.83292,0.12572,0.020075,262.29,0.15387,0.010583,0.72521,18.109
3,86,98826,galaxy-dust,0.5,1.25992,0.1051,0.016752,0.1566,0.18515,0.83292,0.12571,0.020072,262.31,0.154,0.0106,0.72359,2.636
3,87,98826,dust-scale,3.1748,8,0,0,0.1566,0.18515,0.83292,0.12571,0.020072,262.31,0.154,0.0106,0.72359,22.249
3,88,98826,pillar-width,0.0357165,0.09,0,0,0.1566,0.18515,0.83292,0.12571,0.020072,262.31,0.154,0.0106,0.72359,23.142
3,89,98826,cavity-density,0.003,0.00755953,0,0,0.1566,0.18515,0.83292,0.12571,0.020072,262.31,0.154,0.0106,0.72359,2.640
4,0,72422,(start),,,0,0,0.16353,0.12015,0.25426,0.42223,0.029033,52.027,0.029166,0.0011433,0.41713,3.826
4,1,72422,keep,0.616667,0.95,4.6077,0.24114,0.1416,0.10555,0.18462,0.51939,0.028101,49.827,0.032621,0.00094234,0.40142,3.992
4,2,72422,dust-style,vein,physical,0.5719,0.10574,0.14506,0.10759,0.18542,0.49784,0.028304,50.784,0.032218,0.00095245,0.40203,3.977
4,3,72422,mass-warp,0,0.333333,0,0,0.14506,0.10759,0.18542,0.49784,0.028304,50.784,0.032218,0.00095245,0.40203,3.971
4,4,72422,reflection,0.15874,0.4,1.4733,0.4082,0.158,0.10508,0.18529,0.49781,0.030012,51.946,0.026732,0.00087207,0.38624,2.275
4,5,72422,cloud-density,2.3811,6,0,0,0.158,0.10508,0.18529,0.49781,0.030012,51.946,0.026732,0.00087207,0.38624,4.117
4,6,72422,viewer-offset,0,1.03333,19.73,0.68501,0.21394,0.14648,0.73133,0.18891,0.027824,55.348,0.022253,0.0015455,0.36922,3.122
4,7,72422,grade-galaxy,0.15,0.45,2.8623,0.41259,0.21559,0.14702,0.73133,0.18891,0.035822,53.375,0.015848,0.0015144,0.36922,1.434
4,8,72422,shoulder,0.63496,1.6,0,0,0.21559,0.14702,0.73133,0.18891,0.035822,53.375,0.015848,0.0015144,0.36922,1.436
4,9,72422,fold-scale,1.26992,3.2,0,0,0.21559,0.14702,0.73133,0.18891,0.035822,53.375,0.015848,0.0015144,0.36922,3.602
4,10,72422,young,0,110,0.00030026,0,0.21559,0.14702,0.73133,0.18891,0.035822,53.375,0.015848,0.0015144,0.36923,1.477
4,11,72422,mass-scale,0.75,1.88988,7.5523,0.31726,0.18739,0.13944,0.6025,0.28774,0.032332,52.892,0.018593,0.0014836,0.38766,5.087
4,12,72422,spike,0,0.0833333,5.2904e-06,0,0.18739,0.13944,0.6025,0.28774,0.032332,52.892,0.018593,0.0014836,0.38766,1.934
4,13,72422,fill,0.0793701,0.2,0,0,0.18739,0.13944,0.6025,0.28774,0.032332,52.892,0.018593,0.0014836,0.38766,1.942
4,14,72422,nebula-scale,0.063496,0.16,0.0021978,0.00021587,0.1874,0.13943,0.6025,0.28774,0.032333,52.893,0.018591,0.0014932,0.38763,1.933
4,15,72422,cluster-stars,0.793701,2,0.0034551,0.00021244,0.18741,0.13946,0.6025,0.28774,0.032333,52.893,0.018591,0.0014991,0.38781,1.940
4,16,72422,mass-cluster-size,0.075,0.188988,0.32611,0.034551,0.18797,0.13664,0.60248,0.28773,0.032551,52.707,0.018665,0.0014202,0.38279,6.065
4,17,72422,galaxy-glow,0.75,1.88988,18.747,0.78081,0.2715,0.19767,0.60283,0.28787,0.040273,57.61,0.014995,0.0011402,0.42527,1.965
4,18,72422,cloud-length,0.119055,0.3,0,0,0.2715,0.19767,0.60283,0.28787,0.040273,57.61,0.014995,0.0011402,0.42527,6.063
4,19,72422,detail-scale,2.5,6.29961,2.0124,0.19562,0.27299,0.20008,0.60064,0.29445,0.04037,57.613,0.015346,0.001221,0.42497,6.107
4,20,72422,galaxy-style,grand-design,flocculent,6.3586,0.64525,0.24689,0.19865,0.60049,0.29443,0.038814,55.776,0.019079,0.0011923,0.44795,2.022
4,21,72422,cluster-offset,0.6125,0.8375,0.47601,0.1065,0.24341,0.20117,0.60063,0.29355,0.038316,55.727,0.019867,0.0011802,0.45142,6.139
4,22,72422,mass-fine,0.25,1.25,0.68785,0.10757,0.24284,0.19992,0.59141,0.29176,0.038366,55.689,0.01998,0.0012659,0.45323,6.221
4,23,72422,hole-scale,1.03181,2.6,2.4142,0.22314,0.23612,0.19822,0.59079,0.29287,0.03782,55.018,0.022131,0.0012392,0.46287,6.403
4,24,72422,sigma,6.3496,16,2.8158,0.22016,0.21737,0.20121,0.57736,0.34545,0.034615,54.949,0.023221,0.0011963,0.48889,5.769
4,25,72422,star-brightness,0.436535,1.1,0.28633,0.041389,0.21853,0.20244,0.57736,0.34545,0.03468,55.047,0.023207,0.0017501,0.48873,1.399
4,26,72422,distant-min-deg,2.3811,6,0.035301,0.0044139,0.21844,0.20243,0.57365,0.34552,0.034685,55.046,0.023206,0.0017704,0.4889,5.786
4,27,72422,grade-dust,0.833333,1,0,0,0.21844,0.20243,0.57365,0.34552,0.034685,55.046,0.023206,0.0017704,0.4889,1.420
4,28,72422,filament,0.25,0.583333,0.34852,0.059682,0.21841,0.20246,0.57288,0.34569,0.034674,55.018,0.023253,0.0017815,0.48902,5.789
4,29,72422,graze,1.75,3.41667,0.12892,0.02882,0.21672,0.20351,0.57288,0.34571,0.034303,55.082,0.023169,0.0017984,0.49045,1.376
4,30,72422,cavity-density,0.003,0.00755953,0,0,0.21672,0.20351,0.57288,0.34571,0.034303,55.082,0.023169,0.0017984,0.49045,1.381
4,31,72422,blister,0.55,0.85,0,0,0.21672,0.20351,0.57288,0.34571,0.034303,55.082,0.023169,0.0017984,0.49045,1.376
4,32,72422,dust,0.516667,0.85,0,0,0.21672,0.20351,0.57288,0.34571,0.034303,55.082,0.023169,0.0017984,0.49045,1.375
4,33,72422,thickness,0.03,0.0755953,0.073629,0.0072993,0.21636,0.20362,0.57169,0.34779,0.034288,55.055,0.023223,0.0018421,0.49091,6.275
4,34,72422,galaxy-radius,1.5,4.16667,23.226,0.66475,0.10208,0.11394,0.57018,0.34654,0.021322,47.643,0.035605,0.0045043,0.54854,0.857
4,35,72422,luminosity,0.793701,2,0.55721,0.093997,0.10727,0.11531,0.57065,0.34656,0.022139,48.191,0.034669,0.0046369,0.54477,6.104
4,36,72422,clouds,1,5,0,0,0.10727,0.11531,0.57065,0.34656,0.022139,48.191,0.034669,0.0046369,0.54477,6.145
4,37,72422,mass-dust,0.0833333,0.25,0.044238,0.0080532,0.10694,0.11529,0.5705,0.34906,0.022079,48.135,0.034668,0.0046256,0.54494,6.195
4,38,72422,clusters,2,3,0,0,0.10694,0.11529,0.5705,0.34906,0.022079,48.135,0.034668,0.0046256,0.54494,0.848
4,39,72422,dust-opacity,3,7.55953,0.091796,0.023822,0.10603,0.11519,0.57022,0.35025,0.021942,48.054,0.034878,0.0046219,0.54633,6.040
4,40,72422,density,0.793701,2,0.73352,0.11331,0.099656,0.11297,0.55989,0.38279,0.020985,47.199,0.035341,0.0044124,0.54929,5.930
4,41,72422,line-h,0,1.33333,3.897,0.19357,0.12812,0.12664,0.56006,0.38256,0.027505,46.741,0.025594,0.0065849,0.52855,0.717
4,42,72422,cluster-size,0.01,0.04,0,0,0.12812,0.12664,0.56006,0.38256,0.027505,46.741,0.025594,0.0065849,0.52855,0.713
4,43,72422,distant-count,2,5,0.077556,0.0063928,0.12848,0.12688,0.55237,0.38786,0.027594,46.699,0.025328,0.0066787,0.52785,8.181
4,44,72422,pillars,8,23,0,0,0.12848,0.12688,0.55237,0.38786,0.027594,46.699,0.025328,0.0066787,0.52785,8.291
4,45,72422,rim-shadow,1.5,3.5,0.0088653,0.0023623,0.12842,0.12685,0.55234,0.38787,0.027584,46.692,0.025336,0.0066784,0.52788,0.726
4,46,72422,exposure,0.142866,0.36,11.766,0.593,0.18667,0.18083,0.55294,0.38833,0.035724,49.264,0.024344,0.010154,0.60155,0.725
4,47,72422,star-reach,1.19055,3,3.1385,0.24473,0.18507,0.18303,0.55294,0.38833,0.035391,49.116,0.02478,0.0096276,0.61758,1.193
4,48,72422,grade-strength,0.833333,1,1.0125,0.23083,0.18492,0.18309,0.55294,0.38833,0.035791,51.947,0.027378,0.0096197,0.61759,1.193
4,49,72422,outer-sharpness,3,7.55953,0.065401,0.010875,0.18505,0.18334,0.55459,0.38742,0.035824,51.955,0.027425,0.0096473,0.61759,8.942
4,50,72422,pillar-width,0.0225,0.0566964,0,0,0.18505,0.18334,0.55459,0.38742,0.035824,51.955,0.027425,0.0096473,0.61759,8.705
4,51,72422,pillar-length,0.15,0.377976,0,0,0.18505,0.18334,0.55459,0.38742,0.035824,51.955,0.027425,0.0096473,0.61759,8.513
4,52,72422,line-o,0.666667,2,0.035063,0.0046221,0.18517,0.18362,0.55459,0.38742,0.035816,51.969,0.027492,0.0096758,0.61937,1.205
4,53,72422,galaxy-waves,0,1.5,2.6261,0.2345,0.19055,0.18472,0.55459,0.38742,0.036817,51.939,0.027355,0.010243,0.61102,1.249
4,54,72422,cloud-distance,0.277795,0.7,0,0,0.19055,0.18472,0.55459,0.38742,0.036817,51.939,0.027355,0.010243,0.61102,8.522
4,55,72422,galaxy-height,-0.803333,2.53,28.334,0.60009,0.18442,0.19749,0.55537,0.38762,0.03481,52.366,0.027887,0.009863,0.61986,1.480
4,56,72422,cavity-spread,1,2.2611,0,0,0.18442,0.19749,0.55537,0.38762,0.03481,52.366,0.027887,0.009863,0.61986,1.480
4,57,72422,dust-scale,2,5.03968,0,0,0.18442,0.19749,0.55537,0.38762,0.03481,52.366,0.027887,0.009863,0.61986,11.734
4,58,72422,fold,0,0.286667,7.3501,0.2839,0.17945,0.19631,0.54326,0.39666,0.034351,52.208,0.029884,0.0097191,0.62142,13.772
4,59,72422,erosion,0.4,0.733333,1.5278,0.1793,0.17725,0.19843,0.5495,0.39019,0.033818,52.349,0.030978,0.010726,0.62878,13.358
4,60,72422,detail-gain,0.375,0.608333,1.1725,0.16035,0.17529,0.19863,0.554,0.38747,0.033248,52.363,0.031398,0.010922,0.63295,14.281
4,61,72422,hardness,0.25,0.583333,1.2422,0.16809,0.1791,0.19915,0.5473,0.38986,0.034175,52.447,0.030814,0.011293,0.62515,14.464
4,62,72422,contrast,0.75,1.75,3.3977,0.22583,0.1782,0.19669,0.55882,0.36282,0.03356,52.558,0.030482,0.011362,0.63197,14.168
4,63,72422,star-count,23811,60000,3.4669,0.20076,0.19361,0.208,0.55882,0.36282,0.035191,53.224,0.029685,0.013686,0.6037,3.139
4,64,72422,ion-opacity,6.3496,16,5.0682,0.21661,0.21648,0.22839,0.55907,0.36289,0.038548,55.368,0.037256,0.016079,0.61552,15.024
4,65,72422,hue-type,single,split,5.1196,0.1977,0.21516,0.22741,0.55907,0.36289,0.030168,61.436,0.16294,0.016067,0.61551,3.163
4,66,72422,mass-edge-patch,0,0.166667,0.45525,0.087219,0.21463,0.22693,0.55907,0.36291,0.030124,61.353,0.16267,0.016061,0.61589,14.985
4,67,72422,spike-flux,2500,6299.61,0,0,0.21463,0.22693,0.55907,0.36291,0.030124,61.353,0.16267,0.016061,0.61589,3.163
4,68,72422,mass-inner,0.675,0.95,19.907,0.31437,0.27133,0.26064,0.59098,0.30281,0.035826,65.629,0.15397,0.021706,0.60163,16.038
4,69,72422,star-halo,0.116667,0.35,0.52163,0.11248,0.27057,0.26058,0.59098,0.30281,0.035727,65.665,0.1546,0.022999,0.60375,3.202
4,70,72422,mass-density,3,7.55953,9.9948,0.3345,0.26095,0.26441,0.56414,0.34826,0.033672,65.331,0.16092,0.023289,0.62495,15.561
4,71,72422,star-halo-deg,0.2,0.503968,0.68894,0.12757,0.26147,0.26409,0.56414,0.34826,0.03376,65.252,0.16031,0.021175,0.62318,3.175
4,72,72422,oxygen-threshold,15.874,40,0.06057,0.01017,0.26126,0.26389,0.56417,0.34829,0.033756,65.237,0.16033,0.021156,0.62273,3.148
4,73,72422,fill-shadow,11.9055,30,3.5569,0.22543,0.24602,0.25475,0.56376,0.34833,0.032284,64.16,0.1625,0.022381,0.63466,3.154
4,74,72422,haze,0.0031748,0.008,5.7449,0.90869,0.29899,0.22351,0.56306,0.34789,0.039872,67.551,0.13192,0.019462,0.59679,3.172
4,75,72422,palette-family,auto,teal,16.933,0.99689,0.29535,0.22672,0.56306,0.34789,0.026553,102.82,0.69233,0.019487,0.59711,3.181
4,76,72422,galaxy-warp,0.75,2.25,1.4739,0.16859,0.29765,0.22494,0.56303,0.34784,0.026668,102.6,0.69015,0.019776,0.59635,2.993
4,77,72422,mass-clusters,1,2,12.23,0.42583,0.34286,0.2436,0.57489,0.34702,0.030005,92.995,0.67753,0.01726,0.59779,17.535
4,78,72422,anisotropy,0.333333,0.9,3.9697,0.36498,0.3362,0.2484,0.57432,0.34667,0.028466,100.27,0.67002,0.018147,0.59979,2.978
4,79,72422,cloud-width,0.0174614,0.044,0,0,0.3362,0.2484,0.57432,0.34667,0.028466,100.27,0.67002,0.018147,0.59979,17.573
4,80,72422,distant-max-deg,7,17.6389,1.7291,0.029513,0.33883,0.24928,0.55726,0.35839,0.028721,100.84,0.67046,0.018597,0.60024,17.560
4,81,72422,pillar-density,1.25,3.1498,0,0,0.33883,0.24928,0.55726,0.35839,0.028721,100.84,0.67046,0.018597,0.60024,17.165
4,82,72422,mass-lobes,0.333333,0.6,14.712,0.30445,0.31196,0.22942,0.54663,0.37508,0.028332,95.933,0.68588,0.017124,0.59966,17.127
4,83,72422,galaxy-dust,0.5,1.25992,0.20251,0.032625,0.31129,0.22859,0.54663,0.37507,0.028399,95.559,0.68491,0.01714,0.59826,2.946
4,84,72422,mass-edge,0.0833333,0.25,5.4492,0.26,0.32191,0.23781,0.54965,0.37293,0.02852,98.018,0.67541,0.017866,0.60022,17.478
4,85,72422,line-s,0,1,10.072,0.3228,0.35809,0.26667,0.55011,0.37334,0.028904,98.438,0.65881,0.017561,0.62369,2.970
4,86,72422,mass-blister,0.05,0.383333,8.5709,0.27776,0.36233,0.26958,0.56389,0.35439,0.028562,101.57,0.65864,0.016375,0.62751,17.625
4,87,72422,external-galaxies,2,5,0.0039471,0.00018679,0.36235,0.26958,0.56389,0.35439,0.028563,101.57,0.65865,0.016381,0.62749,3.020
4,88,72422,mass-cavity,0.0005,0.002,2.5284,0.075829,0.37054,0.27715,0.56234,0.35396,0.027985,103.29,0.65821,0.01488,0.62996,17.599
4,89,72422,grade-stars,0.516667,0.85,0.41576,0.13653,0.37042,0.2771,0.56234,0.35396,0.029091,110,0.64255,0.01485,0.62996,3.006
5,0,96225,(start),,,0,0,0.18848,0.1154,0.22029,0.41867,0.049178,38.868,0.0067861,0.0013027,0.47837,4.349
5,1,96225,mass-scale,1.19055,3,7.6319,0.84334,0.19582,0.10939,0.13996,0.29942,0.052796,37.964,0.0053554,0.0015683,0.43695,5.645
5,2,96225,keep,0.616667,0.95,0.81685,0.10832,0.19994,0.10631,0.066469,0.37562,0.05463,37.699,0.0048356,0.0013646,0.43048,5.808
5,3,96225,fold,0.143333,0.43,1.5626,0.45565,0.19931,0.1061,0.066381,0.36946,0.054418,37.691,0.0049068,0.0013679,0.43215,6.253
5,4,96225,mass-blister,0.05,0.383333,0.013401,0.0003831,0.19937,0.10608,0.066768,0.35772,0.054417,37.701,0.0049008,0.0013711,0.43203,6.120
5,5,96225,cloud-width,0.011,0.0277183,0,0,0.19937,0.10608,0.066768,0.35772,0.054417,37.701,0.0049008,0.0013711,0.43203,6.126
5,6,96225,distant-max-deg,7,17.6389,0.015324,0.003146,0.19948,0.10603,0.065973,0.35815,0.054438,37.706,0.0048932,0.0013758,0.43182,6.095
5,7,96225,outer-sharpness,4.7622,12,0.0017837,0.00029339,0.19947,0.10604,0.066172,0.35805,0.054437,37.706,0.0048938,0.0013766,0.43183,6.097
5,8,96225,detail-gain,0.491667,0.725,0.85909,0.2275,0.20014,0.10532,0.064887,0.36185,0.05472,37.661,0.0047314,0.001455,0.42553,6.095
5,9,96225,blister,0.55,0.85,0,0,0.20014,0.10532,0.064887,0.36185,0.05472,37.661,0.0047314,0.001455,0.42553,2.441
5,10,96225,sigma,4,10.0794,4.7286,0.86303,0.17638,0.09815,0.047989,0.73072,0.05151,36.69,0.0051379,0.0015964,0.43173,5.740
5,11,96225,fill-shadow,7.5,18.8988,0.16946,0.0062918,0.17528,0.098186,0.047918,0.73073,0.051297,36.657,0.0051762,0.0015851,0.43358,2.053
5,12,96225,young,0,110,0.0041303,0.00071778,0.17529,0.098228,0.047918,0.73073,0.051294,36.655,0.0051692,0.0015872,0.4338,2.055
5,13,96225,spike-flux,2500,6299.61,0.00045729,0,0.17529,0.098231,0.047918,0.73073,0.051294,36.654,0.0051693,0.0015869,0.43382,2.050
5,14,96225,mass-edge,0.0833333,0.25,0.42583,0.085997,0.17399,0.097963,0.052202,0.73014,0.051071,36.574,0.0051517,0.0016685,0.43324,5.716
5,15,96225,line-h,0.666667,2,8.8092,0.87397,0.21891,0.11793,0.053038,0.73032,0.058476,36.494,0.0047118,0.0024656,0.44108,2.050
5,16,96225,grade-galaxy,0.15,0.45,0.10342,0.021746,0.21904,0.11792,0.053038,0.73032,0.058803,36.442,0.0045818,0.0024619,0.44113,2.045
5,17,96225,star-halo-deg,0.2,0.503968,0.0081536,0.00079901,0.21904,0.11792,0.053038,0.73032,0.058803,36.442,0.0045805,0.0024379,0.44117,2.049
5,18,96225,dust-scale,3.1748,8,0.62947,0.13383,0.21914,0.11825,0.053126,0.73172,0.058781,36.462,0.0045832,0.0024624,0.44291,6.501
5,19,96225,hole-scale,0.65,1.6379,2.957,0.63437,0.21353,0.11442,0.048266,0.75567,0.057871,36.289,0.0043471,0.0024526,0.43977,6.417
5,20,96225,pillar-length,0.23811,0.6,0,0,0.21353,0.11442,0.048266,0.75567,0.057871,36.289,0.0043471,0.0024526,0.43977,1.988
5,21,96225,galaxy-warp,0,1.5,0.0063852,0,0.21355,0.1144,0.048281,0.75567,0.057875,36.292,0.0043513,0.0024516,0.43974,1.993
5,22,96225,mass-warp,0.166667,0.5,7.3574,0.825,0.20952,0.1134,0.048449,0.75327,0.057114,36.092,0.0042844,0.0024326,0.4407,6.536
5,23,96225,pillar-width,0.0357165,0.09,0,0,0.20952,0.1134,0.048449,0.75327,0.057114,36.092,0.0042844,0.0024326,0.4407,1.985
5,24,96225,contrast,0.75,1.75,5.383,0.72161,0.22377,0.11991,0.085586,0.52777,0.058457,36.923,0.0055833,0.0023713,0.43989,6.603
5,25,96225,detail-scale,2.5,6.29961,4.6479,0.72132,0.2242,0.11923,0.087868,0.52957,0.058655,36.876,0.0052513,0.0026829,0.43541,6.645
5,26,96225,mass-lobes,0.2,0.466667,5.4284,0.6688,0.21713,0.12968,0.067733,0.55668,0.056523,37.112,0.006473,0.0024852,0.48888,6.738
5,27,96225,cloud-length,0.075,0.188988,0,0,0.21713,0.12968,0.067733,0.55668,0.056523,37.112,0.006473,0.0024852,0.48888,6.819
5,28,96225,mass-density,4.7622,12,6.5005,0.86358,0.1916,0.12802,0.035232,0.78346,0.052174,36.433,0.0062008,0.0022669,0.52683,6.475
5,29,96225,cavity-density,0.0047622,0.012,0,0,0.1916,0.12802,0.035232,0.78346,0.052174,36.433,0.0062008,0.0022669,0.52683,2.004
5,30,96225,haze,0.0031748,0.008,7.3566,0.97547,0.23718,0.11536,0.034642,0.7828,0.060299,38.129,0.0043844,0.0016872,0.44169,2.001
5,31,96225,mass-edge-patch,0.0833333,0.25,0.16721,0.012874,0.23735,0.11546,0.0338,0.78324,0.060339,38.131,0.0043974,0.0016695,0.44176,6.468
5,32,96225,galaxy-glow,1.19055,3,0.98639,0.10558,0.24144,0.11912,0.033807,0.78387,0.06035,38.353,0.0048712,0.0016615,0.45279,2.000
5,33,96225,shoulder,0.4,1.00794,0.31218,0.033865,0.24245,0.12314,0.033807,0.78387,0.060328,38.365,0.0049594,0.0016928,0.47665,2.017
5,34,96225,spike,0.0416667,0.125,0.0040061,0.00080374,0.24246,0.12313,0.033807,0.78387,0.060325,38.364,0.0049583,0.0016951,0.47656,2.097
5,35,96225,line-o,0.666667,2,1.8117,0.24588,0.24964,0.13187,0.033761,0.78387,0.060185,38.495,0.0052607,0.0016944,0.51249,2.000
5,36,96225,star-reach,0.75,1.88988,0.086024,0.006931,0.24945,0.1318,0.033761,0.78387,0.060202,38.489,0.0052568,0.0016143,0.51204,2.064
5,37,96225,galaxy-style,barred-spiral,flocculent,0.21848,0.036498,0.24889,0.13183,0.033819,0.78374,0.060141,38.455,0.0052236,0.0015958,0.51333,2.079
5,38,96225,fill,0.05,0.125992,0.69614,0.20173,0.25243,0.13145,0.033929,0.78383,0.06093,38.365,0.0051187,0.0017281,0.50777,2.080
5,39,96225,grade-dust,0.75,0.916667,0.009963,0,0.25244,0.13144,0.033929,0.78383,0.060951,38.371,0.0051042,0.001728,0.50776,2.079
5,40,96225,filament,0.25,0.583333,1.155,0.26803,0.25182,0.13129,0.034327,0.77791,0.060778,38.376,0.0050193,0.0017455,0.50843,6.568
5,41,96225,erosion,0.4,0.733333,1.2022,0.1649,0.24773,0.12528,0.039137,0.77118,0.060573,38.494,0.0050515,0.0019296,0.47971,6.499
5,42,96225,grade-strength,0.833333,1,1.0863,0.26388,0.24698,0.12538,0.039137,0.77118,0.059523,40.954,0.0093644,0.0019136,0.47996,2.025
5,43,96225,anisotropy,0.05,0.616667,0.39098,0.021081,0.24514,0.12512,0.039156,0.77127,0.059188,40.953,0.009356,0.0019114,0.48122,2.027
5,44,96225,galaxy-radius,2.83333,5.5,1.6951,0.12205,0.23864,0.12057,0.039233,0.77035,0.059153,40.775,0.0089029,0.0019627,0.46805,2.278
5,45,96225,galaxy-waves,0,1.5,0.025578,0.0029902,0.23862,0.12057,0.039233,0.77033,0.05915,40.775,0.0089056,0.0019634,0.46807,2.259
5,46,96225,galaxy-height,-2.47,0.863333,0.89923,0.056141,0.23886,0.1183,0.039331,0.77039,0.059371,40.729,0.0085942,0.0020513,0.45767,2.345
5,47,96225,external-galaxies,3,6,0.00020638,0,0.23886,0.1183,0.039331,0.77039,0.059371,40.729,0.0085942,0.0020514,0.45767,2.345
5,48,96225,star-brightness,0.275,0.692957,0.046956,0.0068853,0.23904,0.1184,0.039331,0.77039,0.059357,40.736,0.0085871,0.0020998,0.45779,2.346
5,49,96225,distant-count,2,5,0.0075029,0.0010241,0.23908,0.1184,0.039306,0.77046,0.059366,40.734,0.0085864,0.0021156,0.45773,8.414
5,50,96225,dust,0.35,0.683333,0,0,0.23908,0.1184,0.039306,0.77046,0.059366,40.734,0.0085864,0.0021156,0.45773,2.342
5,51,96225,nebula-scale,0.04,0.100794,1.7854e-05,0,0.23908,0.1184,0.039306,0.77046,0.059366,40.734,0.0085864,0.0021156,0.45773,2.338
5,52,96225,cavity-spread,1.50369,3.4,0,0,0.23908,0.1184,0.039306,0.77046,0.059366,40.734,0.0085864,0.0021156,0.45773,2.339
5,53,96225,reflection,0.15874,0.4,0.22577,0.019276,0.24008,0.11919,0.039323,0.77048,0.059471,40.738,0.0086757,0.0021175,0.46028,2.343
5,54,96225,luminosity,0.5,1.25992,17.71,0.92646,0.31637,0.16182,0.04011,0.77121,0.070088,41.561,0.0093483,0.0036122,0.54538,8.426
5,55,96225,mass-cavity,0.001,0.004,16.465,0.56746,0.38337,0.18289,0.037277,0.77157,0.075414,44.827,0.018992,0.0026058,0.49011,8.720
5,56,96225,hue-type,single,split,20.273,0.4813,0.37602,0.18276,0.037277,0.77157,0.060384,76.192,0.57199,0.0025965,0.49014,2.609
5,57,96225,mass-clusters,1,2,23.313,0.93764,0.46655,0.19495,0.038665,0.75756,0.066265,84.919,0.53042,0.0035409,0.40771,12.230
5,58,96225,star-count,23811,60000,0.040127,0.0070458,0.46665,0.19502,0.038665,0.75756,0.066243,84.889,0.53027,0.0035638,0.40752,3.540
5,59,96225,mass-inner,0.675,0.95,24.152,0.96137,0.47023,0.20182,0.23949,0.40581,0.065302,85.611,0.52856,0.0049042,0.3985,12.868
5,60,96225,mass-cluster-size,0.075,0.188988,6.6161,0.68322,0.47921,0.2033,0.24079,0.40755,0.064999,87.733,0.51602,0.0047802,0.38141,15.057
5,61,96225,cloud-density,1.5,3.77976,0,0,0.47921,0.2033,0.24079,0.40755,0.064999,87.733,0.51602,0.0047802,0.38141,14.905
5,62,96225,grade-stars,0.516667,0.85,0.037259,0.0065036,0.47921,0.2033,0.24079,0.40755,0.065026,87.678,0.51502,0.0047812,0.38145,3.275
5,63,96225,star-halo,0.116667,0.35,0.015782,0.00085684,0.47918,0.20328,0.24079,0.40755,0.06503,87.688,0.51509,0.0047677,0.38148,3.318
5,64,96225,ion-opacity,4,10.0794,29.398,0.91172,0.57508,0.23641,0.23833,0.4073,0.056378,89.121,0.43789,0.0055459,0.35312,15.044
5,65,96225,fold-scale,1.26992,3.2,29.901,0.92941,0.57004,0.24145,0.21678,0.40441,0.055788,88.965,0.43304,0.0079593,0.35629,18.963
5,66,96225,exposure,0.09,0.226786,44.652,0.93884,0.7087,0.2553,0.2172,0.40486,0.035831,83.638,0.32394,0.009623,0.2427,3.321
5,67,96225,cluster-stars,0.5,1.25992,0.0037529,0.00051289,0.70872,0.25531,0.2172,0.40486,0.035831,83.635,0.32391,0.0096264,0.24306,3.301
5,68,96225,cloud-distance,0.175,0.440972,0,0,0.70872,0.25531,0.2172,0.40486,0.035831,83.635,0.32391,0.0096264,0.24306,19.263
5,69,96225,rim-shadow,1.5,3.5,0.0082628,0.0018822,0.70869,0.25532,0.2172,0.40485,0.035834,83.635,0.32399,0.0096274,0.24307,3.361
5,70,96225,galaxy-dust,0.5,1.25992,0.0044676,0,0.70868,0.25531,0.21722,0.40485,0.035834,83.636,0.32399,0.0096277,0.24311,3.303
5,71,96225,graze,1.75,3.41667,2.9284,0.56257,0.69954,0.25631,0.21638,0.40476,0.037118,83.207,0.32791,0.0095214,0.24875,3.310
5,72,96225,mass-fine,0.25,1.25,8.41,0.56786,0.71044,0.24925,0.18955,0.41296,0.036527,84.475,0.32902,0.013397,0.24354,18.632
5,73,96225,line-s,0.5,1.5,13.599,0.74608,0.75283,0.239,0.19149,0.41442,0.030271,87.593,0.3109,0.013865,0.21599,3.309
5,74,96225,palette-family,warm,blue,18.933,0.75178,0.75227,0.24105,0.19149,0.41442,0.026392,76.487,0.63359,0.014018,0.2159,3.306
5,75,96225,cluster-offset,0.6125,0.8375,32.022,0.91402,0.6593,0.23985,0.19458,0.40462,0.045939,71.224,0.51368,0.015836,0.29397,18.930
5,76,96225,hardness,0.25,0.583333,1.6465,0.30644,0.66072,0.23832,0.1902,0.40233,0.046056,71.28,0.51169,0.015841,0.29358,19.115
5,77,96225,dust-style,lanes,physical,1.226,0.25661,0.65942,0.23862,0.19403,0.39358,0.046447,71.425,0.51266,0.015757,0.29447,19.240
5,78,96225,thickness,0.047622,0.12,5.6852,0.57877,0.64553,0.24156,0.20032,0.38971,0.048434,71.112,0.50923,0.017632,0.30552,20.983
5,79,96225,oxygen-threshold,10,25.1984,1.5327,0.25645,0.64124,0.24151,0.2006,0.38981,0.049574,69.396,0.50045,0.017828,0.30947,2.581
5,80,96225,pillars,0,15,0,0,0.64124,0.24151,0.2006,0.38981,0.049574,69.396,0.50045,0.017828,0.30947,20.196
5,81,96225,clouds,3,7,0,0,0.64124,0.24151,0.2006,0.38981,0.049574,69.396,0.50045,0.017828,0.30947,20.203
5,82,96225,viewer-offset,0,1.03333,101.48,0.97274,0.36983,0.27917,0.48598,0.33087,0.039698,56.344,0.66207,0.010912,0.50972,20.191
5,83,96225,dust-opacity,3,7.55953,3.0023,0.28716,0.36035,0.27266,0.48465,0.34078,0.040867,55.249,0.64494,0.010746,0.51932,19.854
5,84,96225,distant-min-deg,1.5,3.77976,0.32799,0.017021,0.36137,0.27291,0.48092,0.34205,0.040886,55.414,0.64575,0.010809,0.51804,19.853
5,85,96225,cluster-size,0.005,0.02,0,0,0.36137,0.27291,0.48092,0.34205,0.040886,55.414,0.64575,0.010809,0.51804,2.233
5,86,96225,mass-dust,0.0833333,0.25,6.2773,0.36405,0.33993,0.25886,0.47725,0.36383,0.042532,50.449,0.62062,0.010316,0.54345,20.026
5,87,96225,clusters,2,2,0,0,0.33993,0.25886,0.47725,0.36383,0.042532,50.449,0.62062,0.010316,0.54345,2.201
5,88,96225,density,0.793701,2,8.5013,0.47652,0.3285,0.26381,0.46138,0.42624,0.03939,46.138,0.65831,0.011367,0.59617,20.242
5,89,96225,pillar-density,1.98425,5,0,0,0.3285,0.26381,0.46138,0.42624,0.03939,46.138,0.65831,0.011367,0.59617,20.379
6,0,62395,(start),,,0,0,0.16053,0.10497,0.25136,0.30183,0.053941,30.414,0.0073537,0.0020278,0.5018,4.271
6,1,62395,clusters,2,3,0,0,0.16053,0.10497,0.25136,0.30183,0.053941,30.414,0.0073537,0.0020278,0.5018,2.415
6,2,62395,ion-opacity,6.3496,16,1.4176,0.50583,0.1557,0.10164,0.25095,0.30181,0.052423,30.342,0.0070362,0.0021614,0.49729,4.330
6,3,62395,star-reach,0.75,1.88988,0.35698,0.052352,0.15501,0.10221,0.25095,0.30181,0.052214,30.35,0.0070357,0.0018031,0.49979,2.499
6,4,62395,exposure,0.142866,0.36,13.848,0.85569,0.22645,0.14102,0.25091,0.30187,0.067129,29.819,0.011471,0.0029853,0.50659,2.496
6,5,62395,nebula-scale,0.063496,0.16,0.0081869,0.00089264,0.22648,0.14104,0.25091,0.30187,0.067129,29.82,0.011472,0.0030051,0.5067,2.507
6,6,62395,mass-dust,0.0833333,0.25,1.4961,0.32234,0.2207,0.13859,0.24695,0.34817,0.066765,29.731,0.010426,0.0029815,0.51097,4.298
6,7,62395,mass-scale,0.75,1.88988,14.921,0.86585,0.22558,0.14006,0.26006,0.30254,0.060797,30.068,0.013267,0.0038866,0.49232,5.750
6,8,62395,star-halo-deg,0.2,0.503968,0,0,0.22558,0.14006,0.26006,0.30254,0.060797,30.068,0.013267,0.0038866,0.49232,2.876
6,9,62395,galaxy-waves,0.75,2.25,0.73437,0.12675,0.2254,0.14031,0.26005,0.30253,0.060802,30.055,0.013252,0.0039047,0.49322,2.934
6,10,62395,mass-warp,0.166667,0.5,3.3227,0.58373,0.22451,0.13963,0.2605,0.29825,0.060322,30.08,0.013342,0.0038863,0.49211,5.903
6,11,62395,mass-clusters,1,2,6.8909,0.73676,0.2576,0.14979,0.26142,0.29761,0.070586,29.329,0.012794,0.0042216,0.44699,8.956
6,12,62395,keep,0.616667,0.95,6.1466,0.46105,0.26946,0.13341,0.14721,0.41274,0.07775,28.533,0.011517,0.0036397,0.40773,9.570
6,13,62395,detail-scale,2.5,6.29961,8.8588,0.83697,0.27812,0.1304,0.14424,0.4375,0.081963,28.063,0.010959,0.003988,0.40041,9.691
6,14,62395,galaxy-glow,1.19055,3,7.4321,0.43425,0.30763,0.14508,0.14438,0.4377,0.080408,29.666,0.017079,0.0037972,0.4074,3.581
6,15,62395,density,0.5,1.25992,10.194,0.8316,0.26739,0.13397,0.11817,0.63859,0.078062,28.812,0.012725,0.0046254,0.41945,8.835
6,16,62395,viewer-offset,0.516667,1.55,38.367,0.91825,0.27037,0.23547,0.86659,0.11517,0.032633,39.7,0.042374,0.0043408,0.51882,6.986
6,17,62395,line-o,0.666667,2,0.16107,0.01551,0.27092,0.23597,0.86659,0.11517,0.032546,39.842,0.042817,0.0043815,0.5167,1.111
6,18,62395,pillar-width,0.0225,0.0566964,0,0,0.27092,0.23597,0.86659,0.11517,0.032546,39.842,0.042817,0.0043815,0.5167,1.110
6,19,62395,shoulder,0.4,1.00794,1.8898,0.085691,0.27676,0.2493,0.86659,0.11517,0.03235,39.677,0.042413,0.0044198,0.60724,1.110
6,20,62395,contrast,0.75,1.75,3.6328,0.11529,0.29071,0.25476,0.86894,0.10013,0.033403,40.168,0.04498,0.0047075,0.58735,7.064
6,21,62395,fill-shadow,7.5,18.8988,0.34222,0.0814,0.28884,0.255,0.86897,0.10011,0.032875,40.357,0.04531,0.0047324,0.58961,1.219
6,22,62395,mass-density,4.7622,12,1.7235,0.10429,0.28294,0.25309,0.86582,0.11451,0.032408,40.219,0.044256,0.0046562,0.5949,6.944
6,23,62395,fold,0.143333,0.43,2.2969,0.097869,0.28328,0.25373,0.86955,0.11215,0.032193,40.284,0.044386,0.0046355,0.5983,7.923
6,24,62395,mass-fine,0.75,1.75,0.70148,0.070319,0.2833,0.2538,0.86768,0.11431,0.032224,40.344,0.044009,0.0048333,0.59749,7.938
6,25,62395,line-s,0,1,3.5165,0.094443,0.29698,0.26248,0.86761,0.11433,0.033243,40.766,0.040519,0.005109,0.57508,1.180
6,26,62395,pillar-length,0.23811,0.6,0,0,0.29698,0.26248,0.86761,0.11433,0.033243,40.766,0.040519,0.005109,0.57508,1.175
6,27,62395,galaxy-height,-2.47,0.863333,76.246,0.88737,0.31359,0.23738,0.86933,0.11587,0.033376,42.879,0.04038,0.0031987,0.46196,1.258
6,28,62395,grade-galaxy,0,0.3,4.6641,0.63432,0.31838,0.23546,0.86933,0.11587,0.047858,36.153,0.019872,0.0031364,0.46256,1.263
6,29,62395,erosion,0.566667,0.9,0.29152,0.051906,0.31772,0.23497,0.86981,0.11542,0.04787,36.136,0.019929,0.0032514,0.46198,7.997
6,30,62395,cluster-size,0.005,0.02,0,0,0.31772,0.23497,0.86981,0.11542,0.04787,36.136,0.019929,0.0032514,0.46198,1.234
6,31,62395,young,55,165,0.0042724,0.00071264,0.31773,0.23499,0.86981,0.11542,0.047868,36.134,0.019915,0.0032508,0.462,1.233
6,32,62395,hole-scale,1.03181,2.6,5.4538,0.11338,0.29814,0.22646,0.86968,0.12101,0.046277,35.605,0.019073,0.0029179,0.46666,8.021
6,33,62395,cavity-density,0.0047622,0.012,0,0,0.29814,0.22646,0.86968,0.12101,0.046277,35.605,0.019073,0.0029179,0.46666,1.022
6,34,62395,palette-family,auto,teal,10.868,0.96538,0.26736,0.25045,0.86968,0.12101,0.012855,124.45,0.14728,0.0033336,0.46681,1.029
6,35,62395,oxygen-threshold,10,25.1984,0.016283,0.0034282,0.2673,0.25039,0.86968,0.12101,0.01286,124.34,0.14841,0.0033402,0.46674,1.022
6,36,62395,thickness,0.03,0.0755953,0.18503,0.02491,0.26693,0.25009,0.86911,0.12115,0.012844,124.54,0.14669,0.003311,0.46669,8.038
6,37,62395,rim-shadow,0.5,2.5,0.009926,0.0016451,0.26689,0.25008,0.86909,0.12114,0.012844,124.57,0.14649,0.0033108,0.46672,0.825
6,38,62395,cloud-distance,0.277795,0.7,0,0,0.26689,0.25008,0.86909,0.12114,0.012844,124.57,0.14649,0.0033108,0.46672,0.821
6,39,62395,fold-scale,0.8,2.01587,4.9434,0.10604,0.25673,0.24675,0.84619,0.13864,0.012749,124.57,0.15572,0.0031658,0.46977,8.759
6,40,62395,luminosity,0.5,1.25992,1.9687,0.076268,0.26594,0.25096,0.84619,0.13865,0.013351,123.93,0.17749,0.0033885,0.48562,8.826
6,41,62395,mass-edge,0.0833333,0.25,0.3483,0.033598,0.26677,0.25145,0.84619,0.1385,0.013389,123.76,0.18021,0.0034596,0.4875,8.895
6,42,62395,mass-cavity,0.001,0.004,0.44085,0.015408,0.26825,0.254,0.84619,0.13848,0.013284,124.66,0.16686,0.0033496,0.50306,8.664
6,43,62395,cluster-stars,0.793701,2,0.0003868,6.9657e-05,0.26825,0.254,0.84619,0.13848,0.013284,124.66,0.16685,0.0033498,0.50309,0.850
6,44,62395,galaxy-dust,0.5,1.25992,0.63863,0.093083,0.26618,0.25113,0.84616,0.13848,0.013462,124.24,0.1658,0.0033629,0.4963,0.852
6,45,62395,dust-opacity,3,7.55953,0.29892,0.034289,0.26448,0.25098,0.84601,0.1396,0.013337,124.12,0.16524,0.0034406,0.49487,8.644
6,46,62395,pillar-density,1.25,3.1498,0,0,0.26448,0.25098,0.84601,0.1396,0.013337,124.12,0.16524,0.0034406,0.49487,8.647
6,47,62395,grade-stars,0.516667,0.85,0.030235,0.0029638,0.26447,0.25097,0.84601,0.1396,0.01342,124.33,0.16381,0.0034368,0.49486,0.837
6,48,62395,spike,0.0416667,0.125,0,0,0.26447,0.25097,0.84601,0.1396,0.01342,124.33,0.16381,0.0034368,0.49486,0.838
6,49,62395,dust,0.516667,0.85,0,0,0.26447,0.25097,0.84601,0.1396,0.01342,124.33,0.16381,0.0034368,0.49486,0.840
6,50,62395,filament,0.25,0.583333,0.50528,0.053648,0.26419,0.25085,0.84665,0.13965,0.013437,124.39,0.16446,0.0034633,0.49485,8.647
6,51,62395,grade-strength,0.75,0.916667,0.92772,0.24937,0.26445,0.25119,0.84665,0.13965,0.014277,137.01,0.12851,0.0034852,0.50171,0.839
6,52,62395,outer-sharpness,4.7622,12,0.017738,0.001392,0.26444,0.25125,0.84683,0.13954,0.01427,136.99,0.12857,0.0034768,0.50187,8.646
6,53,62395,reflection,0.1,0.251984,0.40408,0.085444,0.26843,0.24926,0.8467,0.13952,0.014794,139.2,0.13733,0.0033241,0.50121,0.839
6,54,62395,cluster-offset,0.6125,0.8375,4.2243,0.098665,0.28072,0.25532,0.84666,0.13855,0.015115,139.23,0.15687,0.0037763,0.51855,8.701
6,55,62395,distant-max-deg,7,17.6389,0.92298,0.0081291,0.28476,0.25673,0.84029,0.13948,0.015251,139.17,0.1593,0.0040373,0.52024,8.891
6,56,62395,clouds,1,5,0,0,0.28476,0.25673,0.84029,0.13948,0.015251,139.17,0.1593,0.0040373,0.52024,0.847
6,57,62395,galaxy-style,barred-spiral,flocculent,6.9836,0.51053,0.27109,0.25535,0.84016,0.13938,0.014499,140.49,0.15508,0.0038471,0.54926,0.859
6,58,62395,detail-gain,0.491667,0.725,0.55186,0.061267,0.2705,0.25442,0.84098,0.13905,0.014522,140.41,0.15473,0.0039314,0.54234,8.690
6,59,62395,galaxy-warp,0.75,2.25,0.34783,0.075059,0.27144,0.25369,0.84097,0.13903,0.014574,140.5,0.15418,0.0039247,0.54202,0.852
6,60,62395,haze,0.002,0.00503968,2.9977,0.73065,0.30823,0.2268,0.84078,0.13899,0.021003,154.14,0.15357,0.0035109,0.52166,0.853
6,61,62395,dust-scale,3.1748,8,1.3822,0.11738,0.30765,0.22508,0.84044,0.14025,0.021103,154.69,0.15579,0.0036445,0.51715,10.151
6,62,62395,cavity-spread,1,2.2611,0,0,0.30765,0.22508,0.84044,0.14025,0.021103,154.69,0.15579,0.0036445,0.51715,0.865
6,63,62395,line-h,0.666667,2,0.99875,0.080375,0.31112,0.22889,0.84045,0.14027,0.021074,154.61,0.15774,0.0039668,0.53435,0.868
6,64,62395,mass-lobes,0.2,0.466667,0.28082,0.016317,0.31058,0.22822,0.84045,0.14058,0.021104,154.73,0.157,0.0040111,0.53255,10.178
6,65,62395,mass-inner,0.675,0.95,2.2752,0.073903,0.31754,0.23398,0.84198,0.12883,0.020937,153.87,0.16041,0.0038263,0.54612,10.193
6,66,62395,distant-count,1,4,0.93568,0.017552,0.3192,0.23694,0.8253,0.13246,0.020967,153.73,0.16586,0.0044958,0.55216,13.718
6,67,62395,mass-cluster-size,0.119055,0.3,3.6164,0.15385,0.33163,0.24038,0.82482,0.13208,0.021322,153.19,0.18284,0.0042173,0.53652,17.484
6,68,62395,cloud-width,0.0174614,0.044,0,0,0.33163,0.24038,0.82482,0.13208,0.021322,153.19,0.18284,0.0042173,0.53652,0.908
6,69,62395,pillars,0,15,0,0,0.33163,0.24038,0.82482,0.13208,0.021322,153.19,0.18284,0.0042173,0.53652,17.614
6,70,62395,galaxy-radius,2.83333,5.5,36.062,0.66947,0.16108,0.21098,0.82395,0.13068,0.017604,165.95,0.13224,0.0051747,0.81668,1.037
6,71,62395,spike-flux,2500,6299.61,0.00013145,1.1248e-05,0.16108,0.21098,0.82395,0.13068,0.017604,165.95,0.13224,0.005175,0.81668,1.037
6,72,62395,dust-style,lanes,physical,1.9527,0.13542,0.16105,0.21161,0.82449,0.12977,0.017796,167.48,0.13154,0.0050113,0.82369,18.061
6,73,62395,cloud-length,0.075,0.188988,0,0,0.16105,0.21161,0.82449,0.12977,0.017796,167.48,0.13154,0.0050113,0.82369,1.041
6,74,62395,anisotropy,0.05,0.616667,0.57487,0.10508,0.15996,0.21138,0.8242,0.12965,0.017674,167.21,0.13299,0.0050614,0.82523,1.045
6,75,62395,grade-dust,0.833333,1,0,0,0.15996,0.21138,0.8242,0.12965,0.017674,167.21,0.13299,0.0050614,0.82523,1.043
6,76,62395,fill,0.05,0.125992,0.89256,0.073954,0.16309,0.21682,0.82431,0.12978,0.017581,166.61,0.13803,0.0053986,0.82997,1.039
6,77,62395,hue-type,auto,fan,0,0,0.16309,0.21682,0.82431,0.12978,0.017581,166.61,0.13803,0.0053986,0.82997,1.040
6,78,62395,graze,1.75,3.41667,0.726,0.094511,0.16034,0.21257,0.82431,0.12994,0.017561,166.89,0.13567,0.005493,0.82611,1.039
6,79,62395,external-galaxies,3,6,0.002289,0.00010688,0.16036,0.21257,0.82431,0.12994,0.01756,166.89,0.13568,0.0055088,0.82609,1.036
6,80,62395,blister,0.55,0.85,0,0,0.16036,0.21257,0.82431,0.12994,0.01756,166.89,0.13568,0.0055088,0.82609,1.068
6,81,62395,distant-min-deg,2.3811,6,1.2499,0.030073,0.16381,0.21652,0.81836,0.13207,0.017615,166.73,0.13966,0.0057078,0.82492,18.472
6,82,62395,cloud-density,2.3811,6,0,0,0.16381,0.21652,0.81836,0.13207,0.017615,166.73,0.13966,0.0057078,0.82492,18.313
6,83,62395,hardness,0.416667,0.75,0.56527,0.070182,0.16526,0.2188,0.81678,0.13206,0.017612,166.79,0.14135,0.0056418,0.82725,18.176
6,84,62395,mass-blister,0.216667,0.55,0.68259,0.031908,0.16522,0.21671,0.8223,0.1249,0.017724,166.81,0.13755,0.0058161,0.82102,18.199
6,85,62395,star-brightness,0.275,0.692957,0.69455,0.10537,0.16911,0.21762,0.8223,0.1249,0.017884,166.52,0.13403,0.0072738,0.81436,1.062
6,86,62395,star-count,23811,60000,1.7401,0.17348,0.17859,0.21992,0.8223,0.1249,0.018324,165.84,0.12674,0.0094677,0.7963,1.927
6,87,62395,mass-edge-patch,0.0833333,0.25,0.17474,0.029266,0.17844,0.21964,0.8224,0.12505,0.018328,165.86,0.12646,0.0094729,0.79598,19.388
6,88,62395,star-halo,0,0.233333,0.13886,0.015715,0.1782,0.21941,0.8224,0.12505,0.018328,165.89,0.12654,0.0092493,0.79644,1.902
6,89,62395,sigma,6.3496,16,3.1004,0.15621,0.17023,0.21007,0.81611,0.14076,0.018321,167,0.12687,0.010081,0.80121,18.682
7,0,20279,(start),,,0,0,0.16106,0.089931,0.22942,0.38471,0.057342,31.364,0.0021125,0.00048622,0.43184,4.689
7,1,20279,pillar-width,0.0357165,0.09,0,0,0.16106,0.089931,0.22942,0.38471,0.057342,31.364,0.0021125,0.00048622,0.43184,2.365
7,2,20279,young,0,110,0.0041644,0.00071314,0.16106,0.089958,0.22942,0.38471,0.05734,31.364,0.0021132,0.00048962,0.43205,2.370
7,3,20279,line-h,0,1.33333,4.1589,0.54299,0.18196,0.11737,0.22941,0.38474,0.06163,32.572,0.0069965,0.00058346,0.54214,2.367
7,4,20279,grade-strength,0.75,0.916667,0.51557,0.11013,0.18244,0.1191,0.22941,0.38474,0.061819,33.384,0.012375,0.00058928,0.55083,2.367
7,5,20279,cloud-width,0.0174614,0.044,0,0,0.18244,0.1191,0.22941,0.38474,0.061819,33.384,0.012375,0.00058928,0.55083,4.686
7,6,20279,spike,0,0.0833333,0,0,0.18244,0.1191,0.22941,0.38474,0.061819,33.384,0.012375,0.00058928,0.55083,2.364
7,7,20279,grade-dust,0.833333,1,0,0,0.18244,0.1191,0.22941,0.38474,0.061819,33.384,0.012375,0.00058928,0.55083,2.365
7,8,20279,mass-scale,1.19055,3,15.069,0.96132,0.24794,0.12184,0.14537,0.36734,0.086728,32.839,0.0081555,0.00092144,0.42066,6.261
7,9,20279,mass-edge,0,0.166667,0.54587,0.19486,0.24808,0.12189,0.14673,0.36841,0.086767,32.823,0.0081099,0.00096264,0.41877,6.227
7,10,20279,distant-min-deg,2.3811,6,0.024782,0.0021388,0.24822,0.12182,0.14636,0.36852,0.086821,32.822,0.0081052,0.00099886,0.41856,6.228
7,11,20279,grade-galaxy,0,0.3,0.73179,0.17866,0.24971,0.12147,0.14636,0.36852,0.08927,32.563,0.0075336,0.00099667,0.41856,2.987
7,12,20279,graze,1.75,3.41667,3.8216,0.70495,0.22895,0.10955,0.14633,0.36863,0.083169,32.303,0.0062948,0.0010139,0.40505,2.988
7,13,20279,fill-shadow,11.9055,30,0.2698,0.061273,0.22721,0.10955,0.14638,0.36871,0.082536,32.305,0.0063255,0.0010162,0.40738,2.989
7,14,20279,nebula-scale,0.04,0.100794,0.00068208,9.437e-05,0.22721,0.10955,0.14638,0.36871,0.082535,32.305,0.0063256,0.0010182,0.40737,2.990
7,15,20279,hole-scale,1.03181,2.6,12.871,0.92591,0.22035,0.1105,0.16144,0.31612,0.07877,32.17,0.0044671,0.0016215,0.39263,5.646
7,16,20279,galaxy-dust,0.5,1.25992,0.26867,0.045444,0.21925,0.10975,0.16122,0.31602,0.078699,32.185,0.0044643,0.0016259,0.39152,2.347
7,17,20279,galaxy-radius,2.83333,5.5,3.3233,0.38841,0.20156,0.10999,0.1604,0.31402,0.076483,31.501,0.0045522,0.0016019,0.43507,2.276
7,18,20279,keep,0.45,0.783333,5.8808,0.78275,0.20412,0.11334,0.032854,0.57706,0.076667,31.888,0.0088974,0.00084148,0.49159,6.573
7,19,20279,fold,0.143333,0.43,0.19126,0.0337,0.20312,0.11274,0.032844,0.57695,0.076379,31.863,0.008804,0.00083516,0.49064,6.889
7,20,20279,star-halo-deg,0.31748,0.8,0.0030702,0.0001726,0.20312,0.11274,0.032844,0.57695,0.076378,31.863,0.0088038,0.00082355,0.49065,3.356
7,21,20279,external-galaxies,3,6,8.362e-05,0,0.20312,0.11274,0.032844,0.57695,0.076378,31.863,0.0088038,0.00082367,0.49065,3.350
7,22,20279,fold-scale,0.8,2.01587,0.0019762,0.00075755,0.20312,0.11273,0.032844,0.57704,0.076381,31.862,0.0088037,0.00082193,0.49064,7.345
7,23,20279,hue-type,auto,fan,0.91823,0.14985,0.20074,0.11165,0.032844,0.57704,0.073488,32.915,0.010133,0.00080432,0.49066,3.394
7,24,20279,cavity-density,0.0047622,0.012,0,0,0.20074,0.11165,0.032844,0.57704,0.073488,32.915,0.010133,0.00080432,0.49066,3.387
7,25,20279,cluster-stars,0.5,1.25992,0.005872,0.00050713,0.20075,0.11169,0.032844,0.57704,0.073484,32.915,0.010134,0.00081393,0.49092,3.383
7,26,20279,dust-style,lanes,physical,0,0,0.20075,0.11169,0.032844,0.57704,0.073484,32.915,0.010134,0.00081393,0.49092,7.450
7,27,20279,cloud-density,1.5,3.77976,0,0,0.20075,0.11169,0.032844,0.57704,0.073484,32.915,0.010134,0.00081393,0.49092,7.422
7,28,20279,palette-family,warm,blue,27.714,0.9978,0.16421,0.12203,0.032844,0.57704,0.034107,244.95,0.032875,0.0010094,0.51058,3.385
7,29,20279,grade-stars,0.516667,0.85,0.0078294,0.00087673,0.16422,0.12202,0.032844,0.57704,0.034132,244.94,0.032856,0.0010141,0.51058,3.387
7,30,20279,galaxy-style,barred-spiral,flocculent,0.095699,0.013626,0.16394,0.12201,0.032828,0.577,0.03413,244.95,0.032794,0.0010067,0.51097,3.367
7,31,20279,galaxy-warp,0.75,2.25,0.059308,0.0075177,0.164,0.12198,0.032846,0.57702,0.034122,244.92,0.032782,0.0010126,0.51088,3.371
7,32,20279,mass-clusters,1,2,16.782,0.91298,0.2481,0.13791,0.036462,0.5583,0.044031,239.68,0.049274,0.0012824,0.39927,10.486
7,33,20279,dust-scale,3.1748,8,0,0,0.2481,0.13791,0.036462,0.5583,0.044031,239.68,0.049274,0.0012824,0.39927,11.701
7,34,20279,outer-sharpness,3,7.55953,0.00015723,0,0.2481,0.13791,0.036462,0.55828,0.044031,239.68,0.049274,0.0012823,0.39927,11.708
7,35,20279,mass-cavity,0.001,0.004,0.48117,0.12205,0.25142,0.13575,0.035973,0.55843,0.04427,238.93,0.050852,0.0012261,0.39501,12.037
7,36,20279,spike-flux,2500,6299.61,0.00015816,0,0.25142,0.13575,0.035973,0.55843,0.04427,238.93,0.050852,0.0012263,0.39502,3.534
7,37,20279,exposure,0.09,0.226786,29.209,0.99013,0.37119,0.1752,0.036192,0.55857,0.049896,232.47,0.0772,0.0016632,0.36973,3.534
7,38,20279,cavity-spread,1.50369,3.4,0,0,0.37119,0.1752,0.036192,0.55857,0.049896,232.47,0.0772,0.0016632,0.36973,3.536
7,39,20279,cluster-size,0.01,0.04,0,0,0.37119,0.1752,0.036192,0.55857,0.049896,232.47,0.0772,0.0016632,0.36973,3.532
7,40,20279,mass-cluster-size,0.075,0.188988,10.041,0.89476,0.34446,0.15906,0.036247,0.55867,0.049824,234.29,0.067387,0.0015164,0.3672,13.725
7,41,20279,distant-max-deg,7,17.6389,0.0036819,0.0006223,0.34448,0.15906,0.036247,0.55875,0.049825,234.28,0.067388,0.001517,0.36718,13.823
7,42,20279,star-brightness,0.275,0.692957,0.20559,0.02741,0.34533,0.15898,0.036247,0.55875,0.04986,234.26,0.067178,0.0018224,0.36784,3.583
7,43,20279,cluster-offset,0.6125,0.8375,36.171,0.9834,0.19752,0.12803,0.034013,0.57372,0.03704,243.5,0.024771,0.0017039,0.50272,14.078
7,44,20279,shoulder,0.4,1.00794,0.066341,0.0077161,0.19773,0.12896,0.034013,0.57372,0.037038,243.5,0.024759,0.0017145,0.50926,3.584
7,45,20279,mass-blister,0.05,0.383333,0.082868,0.01172,0.19753,0.12909,0.037877,0.56143,0.037018,243.55,0.024513,0.0017477,0.50973,13.751
7,46,20279,sigma,6.3496,16,13.641,0.89885,0.12175,0.09768,0.025849,0.78992,0.03271,251.15,0.016319,0.001621,0.48997,12.928
7,47,20279,rim-shadow,1.5,3.5,0.018754,0.0021316,0.1216,0.097691,0.025849,0.78992,0.032691,251.15,0.016339,0.0016243,0.49017,2.742
7,48,20279,star-reach,0.75,1.88988,0.23069,0.028903,0.12158,0.097658,0.025849,0.78992,0.032691,251.17,0.016338,0.0015824,0.4896,2.849
7,49,20279,galaxy-glow,0.75,1.88988,0.39868,0.032723,0.12347,0.10066,0.025962,0.79038,0.032529,251.12,0.018438,0.0015843,0.50193,2.851
7,50,20279,clouds,1,5,0,0,0.12347,0.10066,0.025962,0.79038,0.032529,251.12,0.018438,0.0015843,0.50193,13.095
7,51,20279,detail-scale,3.9685,10,3.1747,0.42718,0.12445,0.09896,0.01208,0.81082,0.032726,251.2,0.01782,0.0016176,0.48698,13.206
7,52,20279,dust,0.516667,0.85,0,0,0.12445,0.09896,0.01208,0.81082,0.032726,251.2,0.01782,0.0016176,0.48698,2.862
7,53,20279,mass-fine,0.25,1.25,2.154,0.35591,0.12327,0.096568,0.0095132,0.82003,0.032868,251.44,0.017071,0.00193,0.47677,13.082
7,54,20279,mass-inner,0.5375,0.8125,37.481,0.96891,0.30383,0.13013,0.12518,0.54466,0.050116,235.36,0.06019,0.0056575,0.33455,13.013
7,55,20279,mass-density,4.7622,12,7.5198,0.81787,0.29186,0.12288,0.086344,0.72058,0.049235,236.17,0.059046,0.0059901,0.32881,12.905
7,56,20279,star-count,15000,37798,0.32428,0.039129,0.29308,0.1226,0.086344,0.72058,0.049345,236.16,0.058483,0.0062449,0.3279,2.873
7,57,20279,ion-opacity,4,10.0794,14.282,0.93407,0.35071,0.13546,0.08543,0.72079,0.055528,232.23,0.067268,0.007272,0.30458,13.331
7,58,20279,pillar-density,1.25,3.1498,0,0,0.35071,0.13546,0.08543,0.72079,0.055528,232.23,0.067268,0.007272,0.30458,13.285
7,59,20279,cloud-distance,0.277795,0.7,0,0,0.35071,0.13546,0.08543,0.72079,0.055528,232.23,0.067268,0.007272,0.30458,13.032
7,60,20279,haze,0.0031748,0.008,4.8325,0.9425,0.37435,0.12314,0.084811,0.72009,0.059441,230.46,0.064382,0.0063896,0.28579,2.846
7,61,20279,dust-opacity,4.7622,12,0,0,0.37435,0.12314,0.084811,0.72009,0.059441,230.46,0.064382,0.0063896,0.28579,13.365
7,62,20279,blister,0.55,0.85,0,0,0.37435,0.12314,0.084811,0.72009,0.059441,230.46,0.064382,0.0063896,0.28579,2.873
7,63,20279,hardness,0.25,0.583333,1.0233,0.19421,0.37456,0.12316,0.083919,0.71866,0.059432,230.48,0.064452,0.0064042,0.28742,13.283
7,64,20279,mass-edge-patch,0,0.166667,0.20882,0.016959,0.37426,0.12301,0.08338,0.71902,0.05942,230.5,0.064425,0.0063689,0.28724,13.122
7,65,20279,fill,0.05,0.125992,2.8289,0.49269,0.38516,0.12615,0.083735,0.71923,0.059968,229.89,0.065959,0.0072389,0.28646,2.864
7,66,20279,density,0.5,1.25992,12.311,0.88931,0.42224,0.13475,0.062199,0.80617,0.061914,227.8,0.072115,0.0080017,0.27463,12.719
7,67,20279,oxygen-threshold,15.874,40,0.70035,0.29696,0.42305,0.1352,0.062144,0.80615,0.060914,228.72,0.073182,0.0079819,0.27498,2.504
7,68,20279,erosion,0.566667,0.9,1.4767,0.24518,0.4229,0.13823,0.066108,0.80371,0.060553,228.66,0.073504,0.0086581,0.27813,12.999
7,69,20279,galaxy-waves,0,1.5,0.16169,0.020334,0.42283,0.13828,0.066101,0.80375,0.060554,228.67,0.073507,0.0086329,0.2782,2.540
7,70,20279,viewer-offset,0.516667,1.55,64.327,0.98105,0.14904,0.069367,0.85594,0.12302,0.034042,242.1,0.025271,0.0036441,0.32207,11.987
7,71,20279,detail-gain,0.375,0.608333,0.1612,0.029493,0.14913,0.069693,0.85629,0.12278,0.034046,242.1,0.025254,0.0037246,0.32383,11.930
7,72,20279,star-halo,0.116667,0.35,0.10105,0.014465,0.14896,0.069188,0.85629,0.12278,0.03403,242.09,0.025247,0.003412,0.3212,1.387
7,73,20279,anisotropy,0.05,0.616667,0.061541,0.012111,0.14908,0.069299,0.85628,0.12279,0.034052,242.09,0.025237,0.0034055,0.32111,1.442
7,74,20279,filament,0.25,0.583333,0.2628,0.040122,0.14913,0.069358,0.85651,0.12272,0.034061,242.1,0.025289,0.003442,0.32114,12.014
7,75,20279,galaxy-height,-0.803333,2.53,5.4852,0.25061,0.16147,0.084369,0.85682,0.123,0.034168,241.13,0.026931,0.0045637,0.38084,1.230
7,76,20279,cloud-length,0.075,0.188988,0,0,0.16147,0.084369,0.85682,0.123,0.034168,241.13,0.026931,0.0045637,0.38084,1.234
7,77,20279,pillar-length,0.23811,0.6,0,0,0.16147,0.084369,0.85682,0.123,0.034168,241.13,0.026931,0.0045637,0.38084,1.237
7,78,20279,line-s,0.5,1.5,0.74509,0.059931,0.16442,0.090923,0.85712,0.12313,0.03434,241.06,0.027668,0.0050824,0.41084,1.229
7,79,20279,mass-warp,0,0.333333,2.2855,0.091084,0.16549,0.090919,0.85418,0.12303,0.034616,241.08,0.027604,0.0052043,0.40317,12.074
7,80,20279,reflection,0.1,0.251984,0.14178,0.030914,0.16617,0.091658,0.85418,0.12303,0.034711,241.01,0.027744,0.0051829,0.40457,1.224
7,81,20279,mass-dust,0,0.166667,0.32192,0.031103,0.16489,0.088983,0.85355,0.12398,0.034619,241.09,0.027668,0.0050026,0.39294,12.058
7,82,20279,thickness,0.047622,0.12,0.49902,0.054556,0.16363,0.087346,0.85052,0.12626,0.034478,241.14,0.027415,0.0049828,0.38736,13.053
7,83,20279,contrast,1.25,2.25,1.5444,0.081053,0.1687,0.097645,0.85456,0.11903,0.034764,240.88,0.028648,0.00527,0.42918,12.960
7,84,20279,pillars,0,15,0,0,0.1687,0.097645,0.85456,0.11903,0.034764,240.88,0.028648,0.00527,0.42918,13.039
7,85,20279,mass-lobes,0.333333,0.6,0.72724,0.046709,0.16606,0.092219,0.85442,0.12027,0.034586,241.08,0.027787,0.0052679,0.40724,12.996
7,86,20279,luminosity,0.5,1.25992,2.3225,0.093176,0.17499,0.11295,0.8548,0.1205,0.03491,240.74,0.029683,0.0068989,0.50231,13.056
7,87,20279,line-o,0.666667,2,0.018357,0.002103,0.17506,0.11315,0.8548,0.12056,0.034912,240.73,0.029705,0.0069154,0.5034,1.119
7,88,20279,clusters,2,3,0,0,0.17506,0.11315,0.8548,0.12056,0.034912,240.73,0.029705,0.0069154,0.5034,1.119
7,89,20279,distant-count,2,5,0.64676,0.02891,0.17773,0.11612,0.82698,0.13228,0.035107,240.53,0.030476,0.0073532,0.5087,18.427
