seed,dial,from,to,change,changed_share,peak,brightness,contrast,clear,opaque,chroma,hue,hue_spread,detail,bright_share,seconds
1,(default),,,0,0,0,0.21488,0.13284,0.2866,0.51062,0.012985,123.44,0.084807,0.0064351,0.42724,5.858
1,cluster-stars,1,0.25,0.0090911,0.00025576,11.251,0.21485,0.13276,0.2866,0.51062,0.012985,123.44,0.084741,0.006432,0.42684,1.150
1,cluster-stars,1,0.5,0.0052072,0.00025576,6.4091,0.21486,0.13279,0.2866,0.51062,0.012985,123.44,0.084775,0.0064336,0.42697,1.154
1,cluster-stars,1,2,0.0063269,0.00031667,7.6148,0.2149,0.1329,0.2866,0.51062,0.012985,123.44,0.084829,0.0064386,0.42778,1.153
1,cluster-stars,1,4,0.013208,0.00032896,15.573,0.21492,0.13298,0.2866,0.51062,0.012984,123.44,0.084826,0.0064423,0.42886,1.160
1,cluster-stars,1,0,0.015363,0.00031667,19.154,0.21482,0.13274,0.2866,0.51062,0.012986,123.44,0.08468,0.0064319,0.42683,1.150
1,young,40,0,0.00080104,9.3473e-05,0.57929,0.21488,0.13283,0.2866,0.51062,0.012985,123.44,0.084805,0.0064365,0.42722,1.158
1,young,40,125,0.0016788,0.00022536,1.0185,0.21489,0.13284,0.2866,0.51062,0.012985,123.45,0.084812,0.0064321,0.42727,1.156
1,young,40,250,0.0043113,0.00057652,2.3835,0.2149,0.13285,0.2866,0.51062,0.012985,123.45,0.084822,0.0064288,0.42734,1.155
1,young,40,375,0.0069048,0.00076902,4.1213,0.21491,0.13287,0.2866,0.51062,0.012984,123.45,0.084833,0.006425,0.4274,1.158
1,young,40,500,0.0096752,0.00094932,5.417,0.21492,0.13289,0.2866,0.51062,0.012984,123.45,0.084845,0.006422,0.42744,1.157
1,external-galaxies,4,0,0.0011172,5.888e-05,1.8145,0.21487,0.13284,0.2866,0.51062,0.012985,123.44,0.084803,0.0064315,0.42725,1.156
1,external-galaxies,4,2,0.00098374,5.888e-05,1.8145,0.21487,0.13284,0.2866,0.51062,0.012985,123.44,0.084804,0.0064316,0.42725,1.155
1,external-galaxies,4,6,0.00031176,1.5002e-05,0.56941,0.21488,0.13284,0.2866,0.51062,0.012985,123.44,0.084807,0.0064361,0.42724,1.154
1,external-galaxies,4,8,0.00031282,1.5002e-05,0.56941,0.21488,0.13284,0.2866,0.51062,0.012985,123.44,0.084807,0.0064361,0.42724,1.150
3,(default),,,0,0,0,0.18917,0.11961,0.25489,0.35531,0.017446,176,0.057219,0.0057641,0.44851,5.160
3,cluster-stars,1,0.25,0.0039385,0.00018518,8.3348,0.18915,0.11956,0.25489,0.35531,0.017446,176,0.057224,0.0057596,0.44773,1.334
3,cluster-stars,1,0.5,0.0022325,0.00018518,4.7251,0.18916,0.11958,0.25489,0.35531,0.017446,176,0.057223,0.0057615,0.44799,1.334
3,cluster-stars,1,2,0.0024827,0.00021267,5.2899,0.18917,0.11965,0.25489,0.35531,0.017446,176,0.057212,0.0057663,0.44954,1.337
3,cluster-stars,1,4,0.0055465,0.00034577,11.368,0.18918,0.11969,0.25489,0.35531,0.017445,176,0.057204,0.0057686,0.4516,1.337
3,cluster-stars,1,0,0.0066831,0.00020461,14.224,0.18914,0.11953,0.25489,0.35531,0.017446,176,0.057237,0.0057568,0.44748,1.334
3,young,40,0,0.001459,0.00019736,0.91127,0.18916,0.1196,0.25489,0.35531,0.017446,176,0.057237,0.005765,0.44837,1.336
3,young,40,125,0.0012646,0.00018597,1.5845,0.18917,0.11963,0.25489,0.35531,0.017446,176,0.057203,0.0057639,0.44864,1.338
3,young,40,250,0.0045003,0.00074488,4.5533,0.18918,0.11967,0.25489,0.35531,0.017445,176.01,0.057171,0.0057622,0.44894,1.334
3,young,40,375,0.0068871,0.00099541,5.7841,0.18919,0.11969,0.25489,0.35531,0.017445,176.01,0.057152,0.0057607,0.44912,1.331
3,young,40,500,0.0097955,0.001227,8.134,0.1892,0.11973,0.25489,0.35531,0.017445,176.01,0.057123,0.0057596,0.44941,1.338
3,external-galaxies,4,0,0.00038329,4.0772e-05,0.25509,0.18916,0.11961,0.25489,0.35531,0.017446,176,0.057217,0.005764,0.44851,1.337
3,external-galaxies,4,2,0.00022679,4.0772e-05,0.25509,0.18916,0.11961,0.25489,0.35531,0.017446,176,0.057217,0.0057639,0.44851,1.331
3,external-galaxies,4,6,0.00024437,2.8632e-05,0.41079,0.18917,0.11961,0.25489,0.35531,0.017446,176,0.057219,0.0057643,0.4485,1.336
3,external-galaxies,4,8,0.00029791,2.8632e-05,0.41079,0.18917,0.11961,0.25489,0.35531,0.017446,176,0.057219,0.0057643,0.4485,1.341
5,(default),,,0,0,0,0.25483,0.13266,0.11236,0.56765,0.069163,43.732,0.034075,0.005463,0.44703,5.500
5,cluster-stars,1,0.25,0.0070687,0.00034014,8.9909,0.25481,0.13261,0.11236,0.56765,0.069166,43.733,0.03408,0.005457,0.44645,1.755
5,cluster-stars,1,0.5,0.0040048,0.0003131,4.7774,0.25482,0.13263,0.11236,0.56765,0.069164,43.732,0.034078,0.0054594,0.44665,1.756
5,cluster-stars,1,2,0.0053611,0.00039755,5.5232,0.25485,0.1327,0.11236,0.56765,0.069161,43.731,0.034073,0.0054667,0.44784,1.758
5,cluster-stars,1,4,0.012156,0.00053948,11.192,0.25487,0.13275,0.11236,0.56765,0.069158,43.731,0.034068,0.0054714,0.44949,1.750
5,cluster-stars,1,0,0.012216,0.00037287,17.138,0.25479,0.13258,0.11236,0.56765,0.069169,43.734,0.034084,0.0054548,0.44627,1.757
5,young,40,0,0.0024866,0.00033436,2.596,0.25482,0.13266,0.11236,0.56765,0.069164,43.731,0.034076,0.005463,0.44703,1.761
5,young,40,125,0.0046275,0.00071001,3.3952,0.25485,0.13266,0.11236,0.56765,0.06916,43.734,0.034073,0.0054623,0.44705,1.757
5,young,40,250,0.014602,0.0012975,8.6542,0.25489,0.13267,0.11236,0.56765,0.069158,43.735,0.03407,0.0054629,0.4471,1.761
5,young,40,375,0.024025,0.00176,13.17,0.25493,0.13268,0.11236,0.56765,0.069156,43.735,0.034068,0.0054652,0.44713,1.757
5,young,40,500,0.029293,0.0020836,15.928,0.25495,0.13269,0.11236,0.56765,0.069154,43.736,0.034067,0.0054632,0.44718,1.755
5,external-galaxies,4,0,0.0017684,0.00015229,1.366,0.25482,0.13266,0.11236,0.56765,0.069162,43.731,0.034075,0.0054606,0.44706,1.758
5,external-galaxies,4,2,0.00011466,2.8487e-05,0.10216,0.25483,0.13266,0.11236,0.56765,0.069163,43.731,0.034075,0.0054629,0.44703,1.751
5,external-galaxies,4,6,4.4556e-06,0,0.0047839,0.25483,0.13266,0.11236,0.56765,0.069163,43.732,0.034075,0.005463,0.44703,1.756
5,external-galaxies,4,8,0.00052734,7.4534e-05,0.2273,0.25483,0.13266,0.11236,0.56765,0.069163,43.732,0.034075,0.0054628,0.44703,1.760
7,(default),,,0,0,0,0.19544,0.11966,0.16416,0.63721,0.0087968,219.44,0.31443,0.0060065,0.39343,4.909
7,cluster-stars,1,0.25,0.0061207,0.00043778,3.4072,0.19542,0.11961,0.16416,0.63721,0.0087954,219.43,0.31447,0.0060002,0.39315,1.246
7,cluster-stars,1,0.5,0.0038356,0.00036661,2.0903,0.19543,0.11963,0.16416,0.63721,0.008796,219.44,0.31445,0.006002,0.39324,1.251
7,cluster-stars,1,2,0.0060125,0.00050711,3.0328,0.19547,0.11972,0.16416,0.63721,0.0087977,219.45,0.3144,0.0060143,0.39385,1.248
7,cluster-stars,1,4,0.014694,0.00065975,7.0164,0.1955,0.11982,0.16416,0.63721,0.0087983,219.45,0.31438,0.0060237,0.3947,1.250
7,cluster-stars,1,0,0.0088043,0.00050711,5.054,0.19541,0.1196,0.16416,0.63721,0.0087944,219.43,0.31451,0.0059983,0.39309,1.248
7,young,40,0,0.0022588,0.0004534,1.093,0.19544,0.11965,0.16416,0.63721,0.0087967,219.44,0.31454,0.0060077,0.39341,1.258
7,young,40,125,0.0034063,0.00062462,1.8862,0.19546,0.11967,0.16416,0.63721,0.0087975,219.45,0.31431,0.006005,0.39347,1.254
7,young,40,250,0.0080317,0.0010775,2.9114,0.19548,0.11969,0.16416,0.63721,0.0087988,219.45,0.31422,0.0060036,0.39355,1.254
7,young,40,375,0.016415,0.0013926,6.8183,0.19551,0.11973,0.16416,0.63721,0.0088012,219.47,0.31411,0.0060034,0.39369,1.253
7,young,40,500,0.022489,0.001638,9.2902,0.19553,0.11975,0.16416,0.63721,0.0088032,219.48,0.31402,0.0059991,0.39377,1.255
7,external-galaxies,4,0,1.3622e-06,0,0.0010636,0.19544,0.11966,0.16416,0.63721,0.0087968,219.44,0.31443,0.0060065,0.39343,1.253
7,external-galaxies,4,2,7.1112e-07,0,0.0005861,0.19544,0.11966,0.16416,0.63721,0.0087968,219.44,0.31443,0.0060065,0.39343,1.250
7,external-galaxies,4,6,0.00020788,8.669e-06,0.19295,0.19545,0.11966,0.16416,0.63721,0.0087969,219.44,0.31443,0.0060064,0.39343,1.258
7,external-galaxies,4,8,0.00023969,8.669e-06,0.19295,0.19545,0.11966,0.16416,0.63721,0.0087967,219.44,0.31444,0.0060065,0.39343,1.250
